Tracker;Operation on;Type;Occurrences
1;REMOVE_OBJ;jdk.vm.ci.code.Register;6
1;GET_INDEXED;jdk.vm.ci.code.Register;25
2;ADD_OBJ;org.graalvm.compiler.replacements.amd64.AMD64GraphBuilderPlugins$1;1
2;ADD_OBJ;org.graalvm.compiler.hotspot.meta.HotSpotGraphBuilderPlugins$1;1
3;ADD_OBJ;org.graalvm.compiler.phases.common.LockEliminationPhase;501
3;ADD_OBJ;org.graalvm.compiler.loop.phases.LoopUnswitchingPhase;501
3;ADD_OBJ;org.graalvm.compiler.phases.common.IterativeConditionalEliminationPhase;1002
3;ADD_OBJ;org.graalvm.compiler.phases.common.DeadCodeEliminationPhase;1002
3;ADD_OBJ;org.graalvm.compiler.phases.common.LoweringPhase;1503
3;ADD_OBJ;org.graalvm.compiler.loop.phases.LoopSafepointEliminationPhase;501
3;ADD_OBJ;org.graalvm.compiler.virtual.phases.ea.EarlyReadEliminationPhase;501
3;ADD_OBJ;org.graalvm.compiler.phases.common.RemoveValueProxyPhase;501
3;ADD_OBJ;org.graalvm.compiler.loop.phases.LoopPartialUnrollPhase;501
3;ADD_OBJ;org.graalvm.compiler.hotspot.phases.OnStackReplacementPhase;15
3;ADD_OBJ;org.graalvm.compiler.loop.phases.LoopFullUnrollPhase;501
3;ADD_OBJ;org.graalvm.compiler.phases.common.GuardLoweringPhase;501
3;ADD_OBJ;org.graalvm.compiler.java.GraphBuilderPhase;1
3;ADD_OBJ;org.graalvm.compiler.phases.common.UseTrappingNullChecksPhase;501
3;ADD_OBJ;org.graalvm.compiler.phases.common.LoopSafepointInsertionPhase;501
3;ADD_OBJ;org.graalvm.compiler.phases.common.FrameStateAssignmentPhase;501
3;ADD_OBJ;org.graalvm.compiler.phases.common.DeoptimizationGroupingPhase;501
3;ADD_OBJ;org.graalvm.compiler.loop.phases.LoopPeelingPhase;501
3;ADD_OBJ;org.graalvm.compiler.loop.phases.ReassociateInvariantPhase;501
3;ADD_OBJ;org.graalvm.compiler.phases.common.ConvertDeoptimizeToGuardPhase;501
3;ADD_OBJ;org.graalvm.compiler.phases.common.PropagateDeoptimizeProbabilityPhase;501
3;ADD_OBJ;org.graalvm.compiler.phases.common.CanonicalizerPhase;2004
3;ADD_OBJ;org.graalvm.compiler.phases.common.FixReadsPhase;501
3;ADD_OBJ;org.graalvm.compiler.phases.common.IncrementalCanonicalizerPhase;1002
3;ADD_OBJ;org.graalvm.compiler.phases.common.inlining.InliningPhase;501
3;ADD_OBJ;org.graalvm.compiler.phases.common.ExpandLogicPhase;501
3;ADD_OBJ;org.graalvm.compiler.phases.schedule.SchedulePhase;501
3;ADD_OBJ;org.graalvm.compiler.hotspot.phases.WriteBarrierAdditionPhase;501
3;ADD_OBJ;org.graalvm.compiler.virtual.phases.ea.PartialEscapePhase;501
3;ADD_OBJ;org.graalvm.compiler.phases.common.LoweringPhase$Round;1546
3;ADD_OBJ;org.graalvm.compiler.phases.common.FloatingReadPhase;501
3;SET_INDEXED;org.graalvm.compiler.java.GraphBuilderPhase;15
5;ADD_OBJ;org.graalvm.compiler.core.common.FieldsScanner$FieldInfo;696
5;GET_INDEXED;org.graalvm.compiler.core.common.FieldsScanner$FieldInfo;21
6;ADD_OBJ;org.graalvm.compiler.graph.NodeClass$InputInfo;397
6;GET_INDEXED;org.graalvm.compiler.graph.NodeClass$InputInfo;794
7;ADD_OBJ;org.graalvm.compiler.graph.NodeClass$EdgeInfo;115
8;ADD_OBJ;org.graalvm.collections.list.statistics.NoObject;377636
8;SET_INDEXED;org.graalvm.compiler.nodes.BeginNode;9114
8;SET_INDEXED;org.graalvm.compiler.nodes.java.ExceptionObjectNode;1541
8;SET_INDEXED;org.graalvm.compiler.nodes.java.TypeSwitchNode;105
8;SET_INDEXED;org.graalvm.compiler.nodes.ReturnNode;13211
8;SET_INDEXED;org.graalvm.compiler.nodes.EntryMarkerNode;35
8;SET_INDEXED;org.graalvm.compiler.nodes.InvokeWithExceptionNode;1504
8;SET_INDEXED;org.graalvm.compiler.nodes.memory.WriteNode;404
8;SET_INDEXED;org.graalvm.compiler.nodes.extended.JavaReadNode;212
8;SET_INDEXED;org.graalvm.compiler.nodes.extended.OSRLocalNode;15
8;SET_INDEXED;org.graalvm.compiler.nodes.IfNode;8491
8;SET_INDEXED;org.graalvm.compiler.nodes.virtual.VirtualArrayNode;2
8;SET_INDEXED;org.graalvm.compiler.nodes.LoopBeginNode;3050
8;SET_INDEXED;org.graalvm.compiler.nodes.FrameState;13286
8;SET_INDEXED;org.graalvm.compiler.nodes.memory.ReadNode;511
8;SET_INDEXED;org.graalvm.compiler.hotspot.nodes.StubStartNode;10
8;SET_INDEXED;org.graalvm.compiler.nodes.extended.IntegerSwitchNode;1927
8;SET_INDEXED;org.graalvm.compiler.nodes.java.MonitorExitNode;232
8;SET_INDEXED;org.graalvm.collections.list.statistics.NoObject;1661
8;SET_INDEXED;org.graalvm.compiler.nodes.java.MethodCallTargetNode;10952
8;SET_INDEXED;org.graalvm.compiler.nodes.calc.NormalizeCompareNode;729
8;SET_INDEXED;org.graalvm.compiler.nodes.DynamicDeoptimizeNode;381
8;SET_INDEXED;org.graalvm.compiler.nodes.PiNode;5581
8;SET_INDEXED;org.graalvm.compiler.nodes.MergeNode;6989
8;SET_INDEXED;org.graalvm.compiler.nodes.ParameterNode;13140
8;SET_INDEXED;org.graalvm.compiler.nodes.DeoptimizeNode;2781
8;SET_INDEXED;org.graalvm.compiler.nodes.extended.JavaWriteNode;74
8;SET_INDEXED;org.graalvm.compiler.nodes.java.LogicCompareAndSwapNode;52
8;SET_INDEXED;org.graalvm.compiler.nodes.StartNode;13263
8;SET_INDEXED;org.graalvm.compiler.nodes.PiArrayNode;50
8;SET_INDEXED;org.graalvm.compiler.nodes.GuardNode;450
8;SET_INDEXED;org.graalvm.compiler.nodes.virtual.VirtualInstanceNode;96
8;SET_INDEXED;org.graalvm.compiler.nodes.LoopExitNode;3049
8;SET_INDEXED;org.graalvm.compiler.nodes.java.RawMonitorEnterNode;32
8;SET_INDEXED;org.graalvm.compiler.nodes.FixedGuardNode;7892
8;SET_INDEXED;org.graalvm.compiler.nodes.java.MonitorIdNode;231
8;SET_INDEXED;org.graalvm.compiler.nodes.KillingBeginNode;1541
8;SET_INDEXED;org.graalvm.compiler.nodes.ShortCircuitOrNode;149
8;SET_INDEXED;org.graalvm.compiler.nodes.extended.OSRStartNode;15
8;SET_INDEXED;org.graalvm.compiler.nodes.virtual.VirtualBoxingNode;22
8;SET_INDEXED;org.graalvm.compiler.nodes.java.MonitorEnterNode;231
8;SET_INDEXED;org.graalvm.compiler.nodes.java.ValueCompareAndSwapNode;40
8;GET_INDEXED;org.graalvm.compiler.nodes.BeginNode;12065
8;GET_INDEXED;org.graalvm.compiler.nodes.java.ExceptionObjectNode;994
8;GET_INDEXED;org.graalvm.compiler.nodes.ReturnNode;97
8;GET_INDEXED;org.graalvm.compiler.nodes.EntryMarkerNode;165
8;GET_INDEXED;org.graalvm.compiler.nodes.extended.OSRLocalNode;15
8;GET_INDEXED;org.graalvm.compiler.nodes.virtual.VirtualArrayNode;2
8;GET_INDEXED;org.graalvm.compiler.nodes.LoopBeginNode;21695
8;GET_INDEXED;org.graalvm.compiler.nodes.FrameState;4765
8;GET_INDEXED;org.graalvm.compiler.hotspot.nodes.StubStartNode;86
8;GET_INDEXED;org.graalvm.compiler.nodes.java.MonitorExitNode;32
8;GET_INDEXED;org.graalvm.collections.list.statistics.NoObject;117583
8;GET_INDEXED;org.graalvm.compiler.nodes.java.MethodCallTargetNode;9866
8;GET_INDEXED;org.graalvm.compiler.nodes.calc.NormalizeCompareNode;20
8;GET_INDEXED;org.graalvm.compiler.nodes.DynamicDeoptimizeNode;842
8;GET_INDEXED;org.graalvm.compiler.nodes.MergeNode;6502
8;GET_INDEXED;org.graalvm.compiler.nodes.ParameterNode;18494
8;GET_INDEXED;org.graalvm.compiler.nodes.DeoptimizeNode;1206
8;GET_INDEXED;org.graalvm.compiler.nodes.StartNode;8467
8;GET_INDEXED;org.graalvm.compiler.nodes.GuardNode;3907
8;GET_INDEXED;org.graalvm.compiler.nodes.virtual.VirtualInstanceNode;96
8;GET_INDEXED;org.graalvm.compiler.nodes.LoopExitNode;5384
8;GET_INDEXED;org.graalvm.compiler.nodes.FixedGuardNode;379
8;GET_INDEXED;org.graalvm.compiler.nodes.java.MonitorIdNode;14
8;GET_INDEXED;org.graalvm.compiler.nodes.KillingBeginNode;1366
8;GET_INDEXED;org.graalvm.compiler.nodes.ShortCircuitOrNode;88
8;GET_INDEXED;org.graalvm.compiler.nodes.extended.OSRStartNode;247
8;GET_INDEXED;org.graalvm.compiler.nodes.virtual.VirtualBoxingNode;22
9;ADD_OBJ;org.graalvm.collections.list.statistics.NoObject;377636
9;SET_INDEXED;org.graalvm.compiler.nodes.BeginNode;157238
9;SET_INDEXED;org.graalvm.compiler.nodes.java.ExceptionObjectNode;2528
9;SET_INDEXED;org.graalvm.compiler.nodes.java.TypeSwitchNode;213
9;SET_INDEXED;org.graalvm.compiler.nodes.ReturnNode;56261
9;SET_INDEXED;org.graalvm.compiler.nodes.EntryMarkerNode;35
9;SET_INDEXED;org.graalvm.compiler.nodes.InvokeWithExceptionNode;2498
9;SET_INDEXED;org.graalvm.compiler.nodes.memory.WriteNode;11729
9;SET_INDEXED;org.graalvm.compiler.nodes.extended.JavaReadNode;361
9;SET_INDEXED;org.graalvm.compiler.nodes.extended.OSRLocalNode;127
9;SET_INDEXED;org.graalvm.compiler.nodes.IfNode;60244
9;SET_INDEXED;org.graalvm.compiler.nodes.virtual.VirtualArrayNode;2
9;SET_INDEXED;org.graalvm.compiler.nodes.LoopBeginNode;6751
9;SET_INDEXED;org.graalvm.compiler.nodes.FrameState;178078
9;SET_INDEXED;org.graalvm.compiler.nodes.memory.ReadNode;26629
9;SET_INDEXED;org.graalvm.compiler.hotspot.nodes.StubStartNode;10
9;SET_INDEXED;org.graalvm.compiler.nodes.extended.IntegerSwitchNode;2671
9;SET_INDEXED;org.graalvm.compiler.nodes.java.MonitorExitNode;329
9;SET_INDEXED;org.graalvm.collections.list.statistics.NoObject;1661
9;SET_INDEXED;org.graalvm.compiler.nodes.java.MethodCallTargetNode;49463
9;SET_INDEXED;org.graalvm.compiler.nodes.calc.NormalizeCompareNode;6940
9;SET_INDEXED;org.graalvm.compiler.nodes.DynamicDeoptimizeNode;1861
9;SET_INDEXED;org.graalvm.compiler.nodes.PiNode;25938
9;SET_INDEXED;org.graalvm.compiler.nodes.MergeNode;26485
9;SET_INDEXED;org.graalvm.compiler.nodes.ParameterNode;25311
9;SET_INDEXED;org.graalvm.compiler.nodes.DeoptimizeNode;13166
9;SET_INDEXED;org.graalvm.compiler.nodes.extended.JavaWriteNode;284
9;SET_INDEXED;org.graalvm.compiler.nodes.java.LogicCompareAndSwapNode;267
9;SET_INDEXED;org.graalvm.compiler.nodes.StartNode;13263
9;SET_INDEXED;org.graalvm.compiler.nodes.PiArrayNode;161
9;SET_INDEXED;org.graalvm.compiler.nodes.GuardNode;11782
9;SET_INDEXED;org.graalvm.compiler.nodes.virtual.VirtualInstanceNode;412
9;SET_INDEXED;org.graalvm.compiler.nodes.LoopExitNode;15764
9;SET_INDEXED;org.graalvm.compiler.nodes.java.RawMonitorEnterNode;54
9;SET_INDEXED;org.graalvm.compiler.nodes.FixedGuardNode;36988
9;SET_INDEXED;org.graalvm.compiler.nodes.java.MonitorIdNode;278
9;SET_INDEXED;org.graalvm.compiler.nodes.KillingBeginNode;2646
9;SET_INDEXED;org.graalvm.compiler.nodes.ShortCircuitOrNode;563
9;SET_INDEXED;org.graalvm.compiler.nodes.extended.OSRStartNode;15
9;SET_INDEXED;org.graalvm.compiler.nodes.virtual.VirtualBoxingNode;64
9;SET_INDEXED;org.graalvm.compiler.nodes.java.MonitorEnterNode;282
9;SET_INDEXED;org.graalvm.compiler.nodes.java.ValueCompareAndSwapNode;122
9;GET_INDEXED;org.graalvm.compiler.nodes.BeginNode;141544
9;GET_INDEXED;org.graalvm.compiler.nodes.java.ExceptionObjectNode;994
9;GET_INDEXED;org.graalvm.compiler.nodes.java.TypeSwitchNode;108
9;GET_INDEXED;org.graalvm.compiler.nodes.ReturnNode;43050
9;GET_INDEXED;org.graalvm.compiler.nodes.EntryMarkerNode;20
9;GET_INDEXED;org.graalvm.compiler.nodes.InvokeWithExceptionNode;994
9;GET_INDEXED;org.graalvm.compiler.nodes.memory.WriteNode;11325
9;GET_INDEXED;org.graalvm.compiler.nodes.extended.JavaReadNode;149
9;GET_INDEXED;org.graalvm.compiler.nodes.extended.OSRLocalNode;112
9;GET_INDEXED;org.graalvm.compiler.nodes.IfNode;51753
9;GET_INDEXED;org.graalvm.compiler.nodes.LoopBeginNode;3156
9;GET_INDEXED;org.graalvm.compiler.nodes.memory.ReadNode;26118
9;GET_INDEXED;org.graalvm.compiler.nodes.FrameState;164574
9;GET_INDEXED;org.graalvm.compiler.nodes.extended.IntegerSwitchNode;744
9;GET_INDEXED;org.graalvm.compiler.nodes.java.MonitorExitNode;97
9;GET_INDEXED;org.graalvm.collections.list.statistics.NoObject;118531
9;GET_INDEXED;org.graalvm.compiler.nodes.java.MethodCallTargetNode;40108
9;GET_INDEXED;org.graalvm.compiler.nodes.calc.NormalizeCompareNode;6211
9;GET_INDEXED;org.graalvm.compiler.nodes.DynamicDeoptimizeNode;1406
9;GET_INDEXED;org.graalvm.compiler.nodes.PiNode;20357
9;GET_INDEXED;org.graalvm.compiler.nodes.MergeNode;16780
9;GET_INDEXED;org.graalvm.compiler.nodes.ParameterNode;12042
9;GET_INDEXED;org.graalvm.compiler.nodes.DeoptimizeNode;10386
9;GET_INDEXED;org.graalvm.compiler.nodes.extended.JavaWriteNode;210
9;GET_INDEXED;org.graalvm.compiler.nodes.java.LogicCompareAndSwapNode;215
9;GET_INDEXED;org.graalvm.compiler.nodes.PiArrayNode;111
9;GET_INDEXED;org.graalvm.compiler.nodes.GuardNode;10907
9;GET_INDEXED;org.graalvm.compiler.nodes.virtual.VirtualInstanceNode;316
9;GET_INDEXED;org.graalvm.compiler.nodes.LoopExitNode;12385
9;GET_INDEXED;org.graalvm.compiler.nodes.java.RawMonitorEnterNode;22
9;GET_INDEXED;org.graalvm.compiler.nodes.FixedGuardNode;29135
9;GET_INDEXED;org.graalvm.compiler.nodes.java.MonitorIdNode;47
9;GET_INDEXED;org.graalvm.compiler.nodes.KillingBeginNode;1127
9;GET_INDEXED;org.graalvm.compiler.nodes.ShortCircuitOrNode;467
9;GET_INDEXED;org.graalvm.compiler.nodes.virtual.VirtualBoxingNode;42
9;GET_INDEXED;org.graalvm.compiler.nodes.java.ValueCompareAndSwapNode;82
9;GET_INDEXED;org.graalvm.compiler.nodes.java.MonitorEnterNode;51
10;ADD_OBJ;jdk.vm.ci.hotspot.HotSpotResolvedJavaMethodImpl;13486
11;ADD_OBJ;org.graalvm.compiler.debug.TimerKeyImpl;98
11;ADD_OBJ;org.graalvm.compiler.debug.TimerKeyImpl$FlatTimer;98
14;ADD_OBJ;org.graalvm.compiler.hotspot.HotSpotDataBuilder$1;247
14;ADD_OBJ;org.graalvm.compiler.code.DataSection$SerializableData;7
15;ADD_OBJ;jdk.vm.ci.code.site.Call;7530
15;ADD_OBJ;jdk.vm.ci.code.site.Infopoint;2960
16;ADD_OBJ;org.graalvm.compiler.code.SourceMapping;44
17;ADD_OBJ;jdk.vm.ci.code.site.DataPatch;3745
18;ADD_OBJ;jdk.vm.ci.code.site.ExceptionHandler;133
19;ADD_OBJ;jdk.vm.ci.code.site.Mark;7089
20;ADD_OBJ;org.graalvm.compiler.lir.dfa.LocationMarkerPhase;501
20;ADD_OBJ;org.graalvm.compiler.lir.constopt.ConstantLoadOptimization;501
20;ADD_OBJ;org.graalvm.compiler.lir.dfa.MarkBasePointersPhase;501
20;ADD_OBJ;org.graalvm.compiler.lir.EdgeMoveOptimizer;501
20;ADD_OBJ;org.graalvm.compiler.lir.alloc.lsra.LinearScanPhase;501
20;ADD_OBJ;org.graalvm.compiler.lir.alloc.SaveCalleeSaveRegisters;501
20;ADD_OBJ;org.graalvm.compiler.lir.stackslotalloc.LSStackSlotAllocator;501
20;ADD_OBJ;org.graalvm.compiler.lir.RedundantMoveElimination;501
20;ADD_OBJ;org.graalvm.compiler.lir.amd64.phases.StackMoveOptimizationPhase;501
20;ADD_OBJ;org.graalvm.compiler.lir.ControlFlowOptimizer;501
20;ADD_OBJ;org.graalvm.compiler.lir.NullCheckOptimizer;501
22;ADD_OBJ;org.graalvm.compiler.java.BciBlockMapping$ExceptionDispatchBlock;8202
22;ADD_OBJ;org.graalvm.compiler.java.BciBlockMapping$BciBlock;171917
22;GET_INDEXED;org.graalvm.compiler.java.BciBlockMapping$ExceptionDispatchBlock;1330
22;GET_INDEXED;org.graalvm.compiler.java.BciBlockMapping$BciBlock;136377
23;ADD_OBJ;org.graalvm.compiler.nodes.cfg.HIRLoop;17728
24;ADD_OBJ;org.graalvm.compiler.nodes.calc.FloatEqualsNode;45
24;ADD_OBJ;org.graalvm.compiler.nodes.java.TypeSwitchNode;1362
24;ADD_OBJ;org.graalvm.compiler.nodes.calc.NotNode;14
24;ADD_OBJ;org.graalvm.compiler.nodes.calc.AndNode;4465
24;ADD_OBJ;org.graalvm.compiler.nodes.calc.XorNode;766
24;ADD_OBJ;org.graalvm.compiler.nodes.calc.LeftShiftNode;14187
24;ADD_OBJ;org.graalvm.compiler.nodes.calc.FloatLessThanNode;75
24;ADD_OBJ;org.graalvm.compiler.nodes.InvokeWithExceptionNode;1305
24;ADD_OBJ;org.graalvm.compiler.nodes.extended.OSRLocalNode;901
24;ADD_OBJ;org.graalvm.compiler.nodes.virtual.VirtualArrayNode;15
24;ADD_OBJ;org.graalvm.compiler.nodes.java.UnsafeCompareAndSwapNode;10
24;ADD_OBJ;org.graalvm.compiler.hotspot.nodes.PatchReturnAddressNode;7
24;ADD_OBJ;org.graalvm.compiler.nodes.LoopBeginNode;8324
24;ADD_OBJ;org.graalvm.compiler.nodes.FrameState;130429
24;ADD_OBJ;org.graalvm.compiler.nodes.memory.ReadNode;21338
24;ADD_OBJ;org.graalvm.compiler.nodes.calc.RightShiftNode;417
24;ADD_OBJ;org.graalvm.compiler.nodes.java.StoreIndexedNode;1765
24;ADD_OBJ;org.graalvm.compiler.nodes.java.MethodCallTargetNode;7808
24;ADD_OBJ;org.graalvm.compiler.nodes.calc.SubNode;5538
24;ADD_OBJ;org.graalvm.compiler.hotspot.nodes.HotSpotCompressionNode;31039
24;ADD_OBJ;org.graalvm.compiler.nodes.PiNode;52947
24;ADD_OBJ;org.graalvm.compiler.nodes.extended.LoadMethodNode;58
24;ADD_OBJ;org.graalvm.compiler.nodes.ParameterNode;8516
24;ADD_OBJ;org.graalvm.compiler.nodes.DeoptimizeNode;16352
24;ADD_OBJ;org.graalvm.compiler.nodes.extended.ValueAnchorNode;2363
24;ADD_OBJ;org.graalvm.compiler.nodes.calc.SignExtendNode;1976
24;ADD_OBJ;org.graalvm.compiler.nodes.java.NewArrayNode;1328
24;ADD_OBJ;org.graalvm.compiler.core.amd64.AMD64AddressNode;19653
24;ADD_OBJ;org.graalvm.compiler.nodes.extended.RawStoreNode;6
24;ADD_OBJ;org.graalvm.compiler.hotspot.nodes.BeginLockScopeNode;114
24;ADD_OBJ;org.graalvm.compiler.nodes.LoopExitNode;32479
24;ADD_OBJ;org.graalvm.compiler.nodes.extended.GetClassNode;174
24;ADD_OBJ;org.graalvm.compiler.nodes.java.NewInstanceNode;1016
24;ADD_OBJ;org.graalvm.compiler.nodes.memory.MemoryAnchorNode;3129
24;ADD_OBJ;org.graalvm.compiler.nodes.KillingBeginNode;1714
24;ADD_OBJ;org.graalvm.compiler.nodes.EndNode;104133
24;ADD_OBJ;org.graalvm.compiler.replacements.nodes.ArrayEqualsNode;1193
24;ADD_OBJ;org.graalvm.compiler.nodes.InvokeNode;25120
24;ADD_OBJ;org.graalvm.compiler.nodes.virtual.VirtualBoxingNode;448
24;ADD_OBJ;org.graalvm.compiler.hotspot.replacements.KlassLayoutHelperNode;16
24;ADD_OBJ;org.graalvm.compiler.nodes.java.ValueCompareAndSwapNode;228
24;ADD_OBJ;org.graalvm.compiler.virtual.nodes.MaterializedObjectState;1916
24;ADD_OBJ;org.graalvm.compiler.nodes.java.StoreFieldNode;12530
24;ADD_OBJ;org.graalvm.compiler.hotspot.replacements.ClassGetHubNode;17
24;ADD_OBJ;org.graalvm.compiler.nodes.calc.FloatConvertNode;57
24;ADD_OBJ;org.graalvm.compiler.nodes.LoopEndNode;10674
24;ADD_OBJ;org.graalvm.compiler.hotspot.nodes.HotSpotDirectCallTargetNode;17325
24;ADD_OBJ;org.graalvm.compiler.nodes.extended.LoadHubNode;5463
24;ADD_OBJ;org.graalvm.compiler.hotspot.nodes.JumpToExceptionHandlerInCallerNode;7
24;ADD_OBJ;org.graalvm.compiler.nodes.extended.BytecodeExceptionNode;33
24;ADD_OBJ;org.graalvm.compiler.nodes.PiNode$Placeholder;21
24;ADD_OBJ;org.graalvm.compiler.nodes.calc.IsNullNode;32376
24;ADD_OBJ;org.graalvm.compiler.nodes.java.ArrayLengthNode;2855
24;ADD_OBJ;org.graalvm.compiler.virtual.nodes.VirtualObjectState;3337
24;ADD_OBJ;org.graalvm.compiler.nodes.calc.ObjectEqualsNode;5538
24;ADD_OBJ;org.graalvm.compiler.nodes.ConstantNode;60764
24;ADD_OBJ;org.graalvm.compiler.nodes.calc.UnsignedRightShiftNode;5455
24;ADD_OBJ;org.graalvm.compiler.nodes.extended.NullCheckNode;517
24;ADD_OBJ;org.graalvm.compiler.hotspot.replacements.arraycopy.ArrayCopyCallNode;573
24;ADD_OBJ;org.graalvm.compiler.nodes.virtual.VirtualInstanceNode;3300
24;ADD_OBJ;org.graalvm.compiler.nodes.extended.UnboxNode;12
24;ADD_OBJ;org.graalvm.compiler.nodes.calc.PointerEqualsNode;7989
24;ADD_OBJ;org.graalvm.compiler.nodes.java.MonitorIdNode;521
24;ADD_OBJ;org.graalvm.compiler.nodes.calc.IntegerTestNode;2831
24;ADD_OBJ;org.graalvm.compiler.hotspot.nodes.JumpToExceptionHandlerNode;7
24;ADD_OBJ;org.graalvm.compiler.nodes.calc.NarrowNode;1826
24;ADD_OBJ;org.graalvm.compiler.nodes.UnwindNode;734
24;ADD_OBJ;org.graalvm.compiler.nodes.PiArrayNode$Placeholder;12
24;ADD_OBJ;org.graalvm.compiler.nodes.ShortCircuitOrNode;716
24;ADD_OBJ;org.graalvm.compiler.nodes.calc.AddNode;48981
24;ADD_OBJ;org.graalvm.compiler.nodes.java.FinalFieldBarrierNode;260
24;ADD_OBJ;org.graalvm.compiler.nodes.java.DynamicNewArrayNode;29
24;ADD_OBJ;org.graalvm.compiler.hotspot.word.PointerCastNode;544
24;ADD_OBJ;org.graalvm.compiler.nodes.java.MonitorEnterNode;148
24;ADD_OBJ;org.graalvm.compiler.hotspot.replacements.arraycopy.CheckcastArrayCopyCallNode;2
24;ADD_OBJ;org.graalvm.compiler.nodes.ReturnNode;15526
24;ADD_OBJ;org.graalvm.compiler.hotspot.replacements.arraycopy.ArrayCopyWithSlowPathNode;31
24;ADD_OBJ;org.graalvm.compiler.nodes.PrefetchAllocateNode;1958
24;ADD_OBJ;org.graalvm.compiler.nodes.calc.NegateNode;32
24;ADD_OBJ;org.graalvm.compiler.hotspot.nodes.CurrentJavaThreadNode;16
24;ADD_OBJ;org.graalvm.compiler.nodes.calc.IntegerBelowNode;19538
24;ADD_OBJ;org.graalvm.compiler.nodes.virtual.CommitAllocationNode;2626
24;ADD_OBJ;org.graalvm.compiler.hotspot.nodes.CurrentLockNode;144
24;ADD_OBJ;org.graalvm.compiler.nodes.extended.JavaReadNode;245
24;ADD_OBJ;org.graalvm.compiler.nodes.calc.SignedDivNode;56
24;ADD_OBJ;org.graalvm.compiler.nodes.java.LoadFieldNode;25580
24;ADD_OBJ;org.graalvm.compiler.nodes.virtual.AllocatedObjectNode;2694
24;ADD_OBJ;org.graalvm.compiler.hotspot.nodes.StubStartNode;60
24;ADD_OBJ;org.graalvm.compiler.nodes.extended.IntegerSwitchNode;2690
24;ADD_OBJ;org.graalvm.compiler.hotspot.nodes.HotSpotIndirectCallTargetNode;1292
24;ADD_OBJ;org.graalvm.compiler.hotspot.nodes.AcquiredCASLockNode;114
24;ADD_OBJ;org.graalvm.compiler.nodes.calc.IntegerLessThanNode;19529
24;ADD_OBJ;org.graalvm.compiler.nodes.java.LoadIndexedNode;6901
24;ADD_OBJ;org.graalvm.compiler.nodes.extended.FixedValueAnchorNode;1326
24;ADD_OBJ;org.graalvm.compiler.nodes.StartNode;4584
24;ADD_OBJ;org.graalvm.compiler.nodes.memory.FloatingReadNode;60701
24;ADD_OBJ;org.graalvm.compiler.nodes.extended.StateSplitProxyNode;218
24;ADD_OBJ;org.graalvm.compiler.replacements.amd64.AMD64FloatConvertNode;43
24;ADD_OBJ;org.graalvm.compiler.nodes.extended.RawLoadNode;46
24;ADD_OBJ;org.graalvm.compiler.nodes.java.InstanceOfDynamicNode;237
24;ADD_OBJ;org.graalvm.compiler.nodes.extended.MembarNode;4522
24;ADD_OBJ;org.graalvm.compiler.hotspot.replacements.IdentityHashCodeNode;72
24;ADD_OBJ;org.graalvm.compiler.hotspot.nodes.SerialWriteBarrier;1870
24;ADD_OBJ;org.graalvm.compiler.nodes.java.InstanceOfNode;6068
24;ADD_OBJ;org.graalvm.compiler.nodes.extended.OSRStartNode;101
24;ADD_OBJ;org.graalvm.compiler.nodes.calc.SignedRemNode;227
24;ADD_OBJ;org.graalvm.compiler.nodes.calc.MulNode;96
24;ADD_OBJ;org.graalvm.compiler.hotspot.nodes.FastAcquireBiasedLockNode;114
24;ADD_OBJ;org.graalvm.compiler.nodes.BeginNode;176643
24;ADD_OBJ;org.graalvm.compiler.nodes.java.ExceptionObjectNode;906
24;ADD_OBJ;org.graalvm.compiler.word.WordCastNode;5436
24;ADD_OBJ;org.graalvm.compiler.hotspot.replacements.HubGetClassNode;208
24;ADD_OBJ;org.graalvm.compiler.nodes.calc.ReinterpretNode;114
24;ADD_OBJ;org.graalvm.compiler.nodes.calc.ZeroExtendNode;24024
24;ADD_OBJ;org.graalvm.compiler.nodes.memory.WriteNode;46324
24;ADD_OBJ;org.graalvm.compiler.nodes.calc.OrNode;5351
24;ADD_OBJ;org.graalvm.compiler.nodes.extended.StoreHubNode;34
24;ADD_OBJ;org.graalvm.compiler.nodes.IfNode;88748
24;ADD_OBJ;org.graalvm.compiler.hotspot.nodes.DeoptimizeCallerNode;44
24;ADD_OBJ;org.graalvm.compiler.nodes.java.MonitorExitNode;522
24;ADD_OBJ;org.graalvm.compiler.hotspot.replacements.arraycopy.ArrayCopyNode;341
24;ADD_OBJ;org.graalvm.compiler.nodes.SafepointNode;2063
24;ADD_OBJ;org.graalvm.compiler.nodes.DynamicDeoptimizeNode;4195
24;ADD_OBJ;org.graalvm.compiler.nodes.MergeNode;32056
24;ADD_OBJ;org.graalvm.compiler.nodes.extended.JavaWriteNode;306
24;ADD_OBJ;org.graalvm.compiler.hotspot.nodes.StubForeignCallNode;65
24;ADD_OBJ;org.graalvm.compiler.replacements.amd64.AMD64StringIndexOfNode;8
24;ADD_OBJ;org.graalvm.compiler.nodes.extended.ForeignCallNode;2474
24;ADD_OBJ;org.graalvm.compiler.nodes.java.LogicCompareAndSwapNode;540
24;ADD_OBJ;org.graalvm.compiler.nodes.memory.address.OffsetAddressNode;69731
24;ADD_OBJ;org.graalvm.compiler.nodes.PiArrayNode;161
24;ADD_OBJ;org.graalvm.compiler.hotspot.nodes.GetObjectAddressNode;456
24;ADD_OBJ;org.graalvm.compiler.nodes.GuardNode;29995
24;ADD_OBJ;org.graalvm.compiler.nodes.calc.ConditionalNode;914
24;ADD_OBJ;org.graalvm.compiler.nodes.java.RawMonitorEnterNode;236
24;ADD_OBJ;org.graalvm.compiler.nodes.extended.BoxNode;96
24;ADD_OBJ;org.graalvm.compiler.nodes.FixedGuardNode;13255
24;ADD_OBJ;org.graalvm.compiler.nodes.calc.IntegerEqualsNode;29562
24;ADD_OBJ;org.graalvm.compiler.hotspot.nodes.EndLockScopeNode;288
24;ADD_OBJ;org.graalvm.compiler.nodes.java.RegisterFinalizerNode;16
24;ADD_OBJ;org.graalvm.compiler.replacements.nodes.BitScanForwardNode;9
24;ADD_OBJ;org.graalvm.compiler.replacements.nodes.ReadRegisterNode;2241
24;GET_INDEXED;org.graalvm.compiler.nodes.calc.FloatEqualsNode;26
24;GET_INDEXED;org.graalvm.compiler.nodes.java.TypeSwitchNode;685
24;GET_INDEXED;org.graalvm.compiler.nodes.calc.NotNode;13
24;GET_INDEXED;org.graalvm.compiler.nodes.calc.AndNode;2136
24;GET_INDEXED;org.graalvm.compiler.nodes.calc.XorNode;504
24;GET_INDEXED;org.graalvm.compiler.nodes.calc.LeftShiftNode;7072
24;GET_INDEXED;org.graalvm.compiler.nodes.calc.FloatLessThanNode;41
24;GET_INDEXED;org.graalvm.compiler.nodes.InvokeWithExceptionNode;665
24;GET_INDEXED;org.graalvm.compiler.nodes.extended.OSRLocalNode;254
24;GET_INDEXED;org.graalvm.compiler.nodes.virtual.VirtualArrayNode;7
24;GET_INDEXED;org.graalvm.compiler.nodes.java.UnsafeCompareAndSwapNode;4
24;GET_INDEXED;org.graalvm.compiler.hotspot.nodes.PatchReturnAddressNode;5
24;GET_INDEXED;org.graalvm.compiler.nodes.LoopBeginNode;4489
24;GET_INDEXED;org.graalvm.compiler.nodes.FrameState;54654
24;GET_INDEXED;org.graalvm.compiler.nodes.memory.ReadNode;19904
24;GET_INDEXED;org.graalvm.compiler.nodes.calc.RightShiftNode;206
24;GET_INDEXED;org.graalvm.compiler.nodes.java.StoreIndexedNode;597
24;GET_INDEXED;org.graalvm.compiler.nodes.java.MethodCallTargetNode;2722
24;GET_INDEXED;org.graalvm.compiler.nodes.calc.SubNode;2808
24;GET_INDEXED;org.graalvm.compiler.nodes.PiNode;24277
24;GET_INDEXED;org.graalvm.compiler.hotspot.nodes.HotSpotCompressionNode;17200
24;GET_INDEXED;org.graalvm.compiler.nodes.extended.LoadMethodNode;21
24;GET_INDEXED;org.graalvm.compiler.nodes.ParameterNode;4621
24;GET_INDEXED;org.graalvm.compiler.nodes.DeoptimizeNode;14134
24;GET_INDEXED;org.graalvm.compiler.nodes.extended.ValueAnchorNode;663
24;GET_INDEXED;org.graalvm.compiler.nodes.calc.SignExtendNode;1637
24;GET_INDEXED;org.graalvm.compiler.nodes.java.NewArrayNode;465
24;GET_INDEXED;org.graalvm.compiler.core.amd64.AMD64AddressNode;19653
24;GET_INDEXED;org.graalvm.compiler.nodes.extended.RawStoreNode;6
24;GET_INDEXED;org.graalvm.compiler.hotspot.nodes.BeginLockScopeNode;110
24;GET_INDEXED;org.graalvm.compiler.nodes.LoopExitNode;27535
24;GET_INDEXED;org.graalvm.compiler.nodes.extended.GetClassNode;57
24;GET_INDEXED;org.graalvm.compiler.nodes.java.NewInstanceNode;504
24;GET_INDEXED;org.graalvm.compiler.nodes.memory.MemoryAnchorNode;3129
24;GET_INDEXED;org.graalvm.compiler.nodes.KillingBeginNode;1069
24;GET_INDEXED;org.graalvm.compiler.nodes.EndNode;66015
24;GET_INDEXED;org.graalvm.compiler.replacements.nodes.ArrayEqualsNode;570
24;GET_INDEXED;org.graalvm.compiler.nodes.InvokeNode;12529
24;GET_INDEXED;org.graalvm.compiler.nodes.virtual.VirtualBoxingNode;224
24;GET_INDEXED;org.graalvm.compiler.hotspot.replacements.KlassLayoutHelperNode;7
24;GET_INDEXED;org.graalvm.compiler.nodes.java.ValueCompareAndSwapNode;220
24;GET_INDEXED;org.graalvm.compiler.virtual.nodes.MaterializedObjectState;894
24;GET_INDEXED;org.graalvm.compiler.nodes.java.StoreFieldNode;4008
24;GET_INDEXED;org.graalvm.compiler.hotspot.replacements.ClassGetHubNode;6
24;GET_INDEXED;org.graalvm.compiler.nodes.calc.FloatConvertNode;26
24;GET_INDEXED;org.graalvm.compiler.nodes.LoopEndNode;5614
24;GET_INDEXED;org.graalvm.compiler.hotspot.nodes.HotSpotDirectCallTargetNode;9744
24;GET_INDEXED;org.graalvm.compiler.nodes.extended.LoadHubNode;2481
24;GET_INDEXED;org.graalvm.compiler.hotspot.nodes.JumpToExceptionHandlerInCallerNode;5
24;GET_INDEXED;org.graalvm.compiler.nodes.extended.BytecodeExceptionNode;11
24;GET_INDEXED;org.graalvm.compiler.nodes.PiNode$Placeholder;11
24;GET_INDEXED;org.graalvm.compiler.nodes.calc.IsNullNode;15490
24;GET_INDEXED;org.graalvm.compiler.nodes.java.ArrayLengthNode;774
24;GET_INDEXED;org.graalvm.compiler.virtual.nodes.VirtualObjectState;1789
24;GET_INDEXED;org.graalvm.compiler.nodes.calc.ObjectEqualsNode;2520
24;GET_INDEXED;org.graalvm.compiler.nodes.ConstantNode;37623
24;GET_INDEXED;org.graalvm.compiler.nodes.calc.UnsignedRightShiftNode;4589
24;GET_INDEXED;org.graalvm.compiler.nodes.extended.NullCheckNode;517
24;GET_INDEXED;org.graalvm.compiler.hotspot.replacements.arraycopy.ArrayCopyCallNode;210
24;GET_INDEXED;org.graalvm.compiler.nodes.virtual.VirtualInstanceNode;1563
24;GET_INDEXED;org.graalvm.compiler.nodes.extended.UnboxNode;4
24;GET_INDEXED;org.graalvm.compiler.nodes.calc.PointerEqualsNode;5786
24;GET_INDEXED;org.graalvm.compiler.nodes.java.MonitorIdNode;271
24;GET_INDEXED;org.graalvm.compiler.nodes.calc.IntegerTestNode;1764
24;GET_INDEXED;org.graalvm.compiler.hotspot.nodes.JumpToExceptionHandlerNode;5
24;GET_INDEXED;org.graalvm.compiler.nodes.calc.NarrowNode;982
24;GET_INDEXED;org.graalvm.compiler.nodes.UnwindNode;370
24;GET_INDEXED;org.graalvm.compiler.nodes.PiArrayNode$Placeholder;6
24;GET_INDEXED;org.graalvm.compiler.nodes.ShortCircuitOrNode;267
24;GET_INDEXED;org.graalvm.compiler.nodes.calc.AddNode;24483
24;GET_INDEXED;org.graalvm.compiler.nodes.java.FinalFieldBarrierNode;13
24;GET_INDEXED;org.graalvm.compiler.nodes.java.DynamicNewArrayNode;12
24;GET_INDEXED;org.graalvm.compiler.hotspot.word.PointerCastNode;542
24;GET_INDEXED;org.graalvm.compiler.nodes.java.MonitorEnterNode;50
24;GET_INDEXED;org.graalvm.compiler.hotspot.replacements.arraycopy.CheckcastArrayCopyCallNode;1
24;GET_INDEXED;org.graalvm.compiler.nodes.ReturnNode;8461
24;GET_INDEXED;org.graalvm.compiler.hotspot.replacements.arraycopy.ArrayCopyWithSlowPathNode;13
24;GET_INDEXED;org.graalvm.compiler.nodes.PrefetchAllocateNode;1931
24;GET_INDEXED;org.graalvm.compiler.nodes.calc.NegateNode;16
24;GET_INDEXED;org.graalvm.compiler.hotspot.nodes.CurrentJavaThreadNode;10
24;GET_INDEXED;org.graalvm.compiler.nodes.calc.IntegerBelowNode;10960
24;GET_INDEXED;org.graalvm.compiler.nodes.virtual.CommitAllocationNode;847
24;GET_INDEXED;org.graalvm.compiler.hotspot.nodes.CurrentLockNode;140
24;GET_INDEXED;org.graalvm.compiler.nodes.extended.JavaReadNode;134
24;GET_INDEXED;org.graalvm.compiler.nodes.calc.SignedDivNode;30
24;GET_INDEXED;org.graalvm.compiler.nodes.java.LoadFieldNode;6427
24;GET_INDEXED;org.graalvm.compiler.nodes.virtual.AllocatedObjectNode;869
24;GET_INDEXED;org.graalvm.compiler.hotspot.nodes.StubStartNode;40
24;GET_INDEXED;org.graalvm.compiler.nodes.extended.IntegerSwitchNode;1321
24;GET_INDEXED;org.graalvm.compiler.hotspot.nodes.HotSpotIndirectCallTargetNode;728
24;GET_INDEXED;org.graalvm.compiler.hotspot.nodes.AcquiredCASLockNode;110
24;GET_INDEXED;org.graalvm.compiler.nodes.calc.IntegerLessThanNode;10052
24;GET_INDEXED;org.graalvm.compiler.nodes.java.LoadIndexedNode;2308
24;GET_INDEXED;org.graalvm.compiler.nodes.extended.FixedValueAnchorNode;1326
24;GET_INDEXED;org.graalvm.compiler.nodes.StartNode;2478
24;GET_INDEXED;org.graalvm.compiler.nodes.memory.FloatingReadNode;29840
24;GET_INDEXED;org.graalvm.compiler.nodes.extended.StateSplitProxyNode;70
24;GET_INDEXED;org.graalvm.compiler.replacements.amd64.AMD64FloatConvertNode;24
24;GET_INDEXED;org.graalvm.compiler.nodes.extended.RawLoadNode;24
24;GET_INDEXED;org.graalvm.compiler.nodes.java.InstanceOfDynamicNode;57
24;GET_INDEXED;org.graalvm.compiler.nodes.extended.MembarNode;3809
24;GET_INDEXED;org.graalvm.compiler.hotspot.replacements.IdentityHashCodeNode;26
24;GET_INDEXED;org.graalvm.compiler.hotspot.nodes.SerialWriteBarrier;1870
24;GET_INDEXED;org.graalvm.compiler.nodes.java.InstanceOfNode;1706
24;GET_INDEXED;org.graalvm.compiler.nodes.extended.OSRStartNode;30
24;GET_INDEXED;org.graalvm.compiler.nodes.calc.SignedRemNode;115
24;GET_INDEXED;org.graalvm.compiler.nodes.calc.MulNode;50
24;GET_INDEXED;org.graalvm.compiler.hotspot.nodes.FastAcquireBiasedLockNode;110
24;GET_INDEXED;org.graalvm.compiler.nodes.BeginNode;119464
24;GET_INDEXED;org.graalvm.compiler.nodes.java.ExceptionObjectNode;266
24;GET_INDEXED;org.graalvm.compiler.word.WordCastNode;5397
24;GET_INDEXED;org.graalvm.compiler.hotspot.replacements.HubGetClassNode;53
24;GET_INDEXED;org.graalvm.compiler.nodes.calc.ReinterpretNode;50
24;GET_INDEXED;org.graalvm.compiler.nodes.calc.ZeroExtendNode;11519
24;GET_INDEXED;org.graalvm.compiler.nodes.memory.WriteNode;32235
24;GET_INDEXED;org.graalvm.compiler.nodes.calc.OrNode;2760
24;GET_INDEXED;org.graalvm.compiler.nodes.extended.StoreHubNode;19
24;GET_INDEXED;org.graalvm.compiler.nodes.IfNode;62812
24;GET_INDEXED;org.graalvm.compiler.hotspot.nodes.DeoptimizeCallerNode;30
24;GET_INDEXED;org.graalvm.compiler.nodes.java.MonitorExitNode;205
24;GET_INDEXED;org.graalvm.compiler.hotspot.replacements.arraycopy.ArrayCopyNode;111
24;GET_INDEXED;org.graalvm.compiler.nodes.SafepointNode;1648
24;GET_INDEXED;org.graalvm.compiler.nodes.DynamicDeoptimizeNode;4195
24;GET_INDEXED;org.graalvm.compiler.nodes.MergeNode;19804
24;GET_INDEXED;org.graalvm.compiler.hotspot.nodes.StubForeignCallNode;45
24;GET_INDEXED;org.graalvm.compiler.nodes.extended.JavaWriteNode;165
24;GET_INDEXED;org.graalvm.compiler.replacements.amd64.AMD64StringIndexOfNode;5
24;GET_INDEXED;org.graalvm.compiler.nodes.extended.ForeignCallNode;2258
24;GET_INDEXED;org.graalvm.compiler.nodes.java.LogicCompareAndSwapNode;506
24;GET_INDEXED;org.graalvm.compiler.nodes.memory.address.OffsetAddressNode;40374
24;GET_INDEXED;org.graalvm.compiler.hotspot.nodes.GetObjectAddressNode;456
24;GET_INDEXED;org.graalvm.compiler.nodes.PiArrayNode;161
24;GET_INDEXED;org.graalvm.compiler.nodes.calc.ConditionalNode;473
24;GET_INDEXED;org.graalvm.compiler.nodes.java.RawMonitorEnterNode;102
24;GET_INDEXED;org.graalvm.compiler.nodes.extended.BoxNode;32
24;GET_INDEXED;org.graalvm.compiler.nodes.FixedGuardNode;4435
24;GET_INDEXED;org.graalvm.compiler.nodes.calc.IntegerEqualsNode;15019
24;GET_INDEXED;org.graalvm.compiler.hotspot.nodes.EndLockScopeNode;280
24;GET_INDEXED;org.graalvm.compiler.nodes.java.RegisterFinalizerNode;10
24;GET_INDEXED;org.graalvm.compiler.replacements.nodes.BitScanForwardNode;5
24;GET_INDEXED;org.graalvm.compiler.replacements.nodes.ReadRegisterNode;2189
25;ADD_OBJ;org.graalvm.compiler.nodes.calc.ObjectEqualsNode;12
25;ADD_OBJ;org.graalvm.compiler.nodes.java.LoadIndexedNode;19
25;ADD_OBJ;org.graalvm.compiler.nodes.calc.UnsignedRightShiftNode;2
25;ADD_OBJ;org.graalvm.compiler.nodes.java.NewArrayNode;2
25;ADD_OBJ;org.graalvm.compiler.nodes.calc.LeftShiftNode;1
25;ADD_OBJ;org.graalvm.compiler.nodes.java.StoreFieldNode;960
25;ADD_OBJ;org.graalvm.compiler.nodes.virtual.CommitAllocationNode;342
25;ADD_OBJ;org.graalvm.compiler.nodes.calc.IntegerBelowNode;4
25;ADD_OBJ;org.graalvm.compiler.nodes.java.NewInstanceNode;411
25;ADD_OBJ;org.graalvm.compiler.nodes.extended.BoxNode;64
25;ADD_OBJ;org.graalvm.compiler.nodes.ValuePhiNode;1
25;ADD_OBJ;org.graalvm.compiler.nodes.calc.IntegerEqualsNode;64
25;ADD_OBJ;org.graalvm.compiler.nodes.java.LoadFieldNode;5626
25;ADD_OBJ;org.graalvm.compiler.nodes.virtual.AllocatedObjectNode;355
25;ADD_OBJ;org.graalvm.compiler.nodes.java.MonitorExitNode;1
25;ADD_OBJ;org.graalvm.compiler.nodes.calc.AddNode;62
25;ADD_OBJ;org.graalvm.compiler.nodes.java.FinalFieldBarrierNode;224
25;ADD_OBJ;org.graalvm.compiler.nodes.calc.SubNode;10
25;ADD_OBJ;org.graalvm.compiler.nodes.calc.IntegerLessThanNode;46
25;ADD_OBJ;org.graalvm.compiler.nodes.calc.IsNullNode;26
25;ADD_OBJ;org.graalvm.compiler.nodes.java.ArrayLengthNode;327
25;ADD_OBJ;org.graalvm.compiler.nodes.java.MonitorEnterNode;5
25;ADD_OBJ;org.graalvm.compiler.nodes.PiNode;6
26;ADD_OBJ;org.graalvm.compiler.virtual.phases.ea.GraphEffectList;7943
27;ADD_OBJ;org.graalvm.compiler.nodes.calc.FloatEqualsNode;26
27;ADD_OBJ;org.graalvm.compiler.nodes.calc.NotNode;13
27;ADD_OBJ;org.graalvm.compiler.nodes.calc.AndNode;2136
27;ADD_OBJ;org.graalvm.compiler.nodes.calc.XorNode;504
27;ADD_OBJ;org.graalvm.compiler.nodes.calc.LeftShiftNode;7072
27;ADD_OBJ;org.graalvm.compiler.nodes.calc.FloatLessThanNode;41
27;ADD_OBJ;org.graalvm.compiler.nodes.calc.NegateNode;16
27;ADD_OBJ;org.graalvm.compiler.hotspot.nodes.CurrentJavaThreadNode;10
27;ADD_OBJ;org.graalvm.compiler.nodes.calc.IntegerBelowNode;10960
27;ADD_OBJ;org.graalvm.compiler.nodes.extended.OSRLocalNode;254
27;ADD_OBJ;org.graalvm.compiler.nodes.virtual.VirtualArrayNode;7
27;ADD_OBJ;org.graalvm.compiler.nodes.virtual.AllocatedObjectNode;869
27;ADD_OBJ;org.graalvm.compiler.nodes.FrameState;54654
27;ADD_OBJ;org.graalvm.compiler.nodes.calc.RightShiftNode;206
27;ADD_OBJ;org.graalvm.compiler.hotspot.nodes.HotSpotIndirectCallTargetNode;728
27;ADD_OBJ;org.graalvm.compiler.nodes.java.MethodCallTargetNode;2722
27;ADD_OBJ;org.graalvm.compiler.nodes.calc.SubNode;2808
27;ADD_OBJ;org.graalvm.compiler.nodes.calc.IntegerLessThanNode;10052
27;ADD_OBJ;org.graalvm.compiler.nodes.PiNode;24277
27;ADD_OBJ;org.graalvm.compiler.hotspot.nodes.HotSpotCompressionNode;17200
27;ADD_OBJ;org.graalvm.compiler.nodes.ParameterNode;4621
27;ADD_OBJ;org.graalvm.compiler.nodes.calc.SignExtendNode;1637
27;ADD_OBJ;org.graalvm.compiler.core.amd64.AMD64AddressNode;19653
27;ADD_OBJ;org.graalvm.compiler.nodes.memory.FloatingReadNode;29840
27;ADD_OBJ;org.graalvm.compiler.replacements.amd64.AMD64FloatConvertNode;24
27;ADD_OBJ;org.graalvm.compiler.nodes.extended.GetClassNode;57
27;ADD_OBJ;org.graalvm.compiler.nodes.java.InstanceOfDynamicNode;57
27;ADD_OBJ;org.graalvm.compiler.nodes.java.InstanceOfNode;1706
27;ADD_OBJ;org.graalvm.compiler.nodes.calc.MulNode;50
27;ADD_OBJ;org.graalvm.compiler.nodes.virtual.VirtualBoxingNode;224
27;ADD_OBJ;org.graalvm.compiler.hotspot.replacements.KlassLayoutHelperNode;7
27;ADD_OBJ;org.graalvm.compiler.virtual.nodes.MaterializedObjectState;894
27;ADD_OBJ;org.graalvm.compiler.hotspot.replacements.HubGetClassNode;53
27;ADD_OBJ;org.graalvm.compiler.nodes.calc.ReinterpretNode;50
27;ADD_OBJ;org.graalvm.compiler.nodes.calc.ZeroExtendNode;11519
27;ADD_OBJ;org.graalvm.compiler.nodes.calc.OrNode;2760
27;ADD_OBJ;org.graalvm.compiler.hotspot.replacements.ClassGetHubNode;6
27;ADD_OBJ;org.graalvm.compiler.nodes.calc.FloatConvertNode;26
27;ADD_OBJ;org.graalvm.compiler.hotspot.nodes.HotSpotDirectCallTargetNode;9744
27;ADD_OBJ;org.graalvm.compiler.nodes.extended.LoadHubNode;2481
27;ADD_OBJ;org.graalvm.compiler.nodes.PiNode$Placeholder;11
27;ADD_OBJ;org.graalvm.compiler.nodes.calc.IsNullNode;15490
27;ADD_OBJ;org.graalvm.compiler.virtual.nodes.VirtualObjectState;1789
27;ADD_OBJ;org.graalvm.compiler.nodes.calc.ObjectEqualsNode;2520
27;ADD_OBJ;org.graalvm.compiler.nodes.ConstantNode;37623
27;ADD_OBJ;org.graalvm.compiler.nodes.memory.address.OffsetAddressNode;40374
27;ADD_OBJ;org.graalvm.compiler.nodes.calc.UnsignedRightShiftNode;4589
27;ADD_OBJ;org.graalvm.compiler.nodes.PiArrayNode;161
27;ADD_OBJ;org.graalvm.compiler.nodes.calc.ConditionalNode;473
27;ADD_OBJ;org.graalvm.compiler.nodes.virtual.VirtualInstanceNode;1563
27;ADD_OBJ;org.graalvm.compiler.nodes.calc.PointerEqualsNode;5786
27;ADD_OBJ;org.graalvm.compiler.nodes.calc.IntegerEqualsNode;15019
27;ADD_OBJ;org.graalvm.compiler.nodes.java.MonitorIdNode;271
27;ADD_OBJ;org.graalvm.compiler.nodes.calc.IntegerTestNode;1764
27;ADD_OBJ;org.graalvm.compiler.nodes.calc.NarrowNode;982
27;ADD_OBJ;org.graalvm.compiler.replacements.nodes.BitScanForwardNode;5
27;ADD_OBJ;org.graalvm.compiler.nodes.PiArrayNode$Placeholder;6
27;ADD_OBJ;org.graalvm.compiler.nodes.ShortCircuitOrNode;267
27;ADD_OBJ;org.graalvm.compiler.nodes.calc.AddNode;24483
27;ADD_OBJ;org.graalvm.compiler.hotspot.word.PointerCastNode;542
28;ADD_OBJ;org.graalvm.compiler.nodes.calc.FloatEqualsNode;26
28;ADD_OBJ;org.graalvm.compiler.nodes.java.TypeSwitchNode;685
28;ADD_OBJ;org.graalvm.compiler.nodes.calc.NotNode;13
28;ADD_OBJ;org.graalvm.compiler.nodes.calc.AndNode;2136
28;ADD_OBJ;org.graalvm.compiler.nodes.calc.XorNode;504
28;ADD_OBJ;org.graalvm.compiler.nodes.calc.LeftShiftNode;7072
28;ADD_OBJ;org.graalvm.compiler.nodes.calc.FloatLessThanNode;41
28;ADD_OBJ;org.graalvm.compiler.nodes.InvokeWithExceptionNode;665
28;ADD_OBJ;org.graalvm.compiler.nodes.extended.OSRLocalNode;254
28;ADD_OBJ;org.graalvm.compiler.nodes.virtual.VirtualArrayNode;7
28;ADD_OBJ;org.graalvm.compiler.nodes.java.UnsafeCompareAndSwapNode;4
28;ADD_OBJ;org.graalvm.compiler.hotspot.nodes.PatchReturnAddressNode;5
28;ADD_OBJ;org.graalvm.compiler.nodes.LoopBeginNode;4489
28;ADD_OBJ;org.graalvm.compiler.nodes.FrameState;54654
28;ADD_OBJ;org.graalvm.compiler.nodes.memory.ReadNode;19904
28;ADD_OBJ;org.graalvm.compiler.nodes.calc.RightShiftNode;206
28;ADD_OBJ;org.graalvm.compiler.nodes.java.StoreIndexedNode;597
28;ADD_OBJ;org.graalvm.compiler.nodes.java.MethodCallTargetNode;2722
28;ADD_OBJ;org.graalvm.compiler.nodes.calc.SubNode;2808
28;ADD_OBJ;org.graalvm.compiler.hotspot.nodes.HotSpotCompressionNode;17200
28;ADD_OBJ;org.graalvm.compiler.nodes.PiNode;24277
28;ADD_OBJ;org.graalvm.compiler.nodes.extended.LoadMethodNode;21
28;ADD_OBJ;org.graalvm.compiler.nodes.ParameterNode;4621
28;ADD_OBJ;org.graalvm.compiler.nodes.DeoptimizeNode;14134
28;ADD_OBJ;org.graalvm.compiler.nodes.extended.ValueAnchorNode;663
28;ADD_OBJ;org.graalvm.compiler.nodes.calc.SignExtendNode;1637
28;ADD_OBJ;org.graalvm.compiler.nodes.java.NewArrayNode;465
28;ADD_OBJ;org.graalvm.compiler.core.amd64.AMD64AddressNode;19653
28;ADD_OBJ;org.graalvm.compiler.nodes.extended.RawStoreNode;6
28;ADD_OBJ;org.graalvm.compiler.hotspot.nodes.BeginLockScopeNode;110
28;ADD_OBJ;org.graalvm.compiler.nodes.LoopExitNode;27535
28;ADD_OBJ;org.graalvm.compiler.nodes.extended.GetClassNode;57
28;ADD_OBJ;org.graalvm.compiler.nodes.java.NewInstanceNode;504
28;ADD_OBJ;org.graalvm.compiler.nodes.memory.MemoryAnchorNode;3129
28;ADD_OBJ;org.graalvm.compiler.nodes.KillingBeginNode;1069
28;ADD_OBJ;org.graalvm.compiler.nodes.EndNode;66015
28;ADD_OBJ;org.graalvm.compiler.replacements.nodes.ArrayEqualsNode;570
28;ADD_OBJ;org.graalvm.compiler.nodes.InvokeNode;12529
28;ADD_OBJ;org.graalvm.compiler.nodes.virtual.VirtualBoxingNode;224
28;ADD_OBJ;org.graalvm.compiler.hotspot.replacements.KlassLayoutHelperNode;7
28;ADD_OBJ;org.graalvm.compiler.nodes.java.ValueCompareAndSwapNode;220
28;ADD_OBJ;org.graalvm.compiler.virtual.nodes.MaterializedObjectState;894
28;ADD_OBJ;org.graalvm.compiler.nodes.java.StoreFieldNode;4008
28;ADD_OBJ;org.graalvm.compiler.hotspot.replacements.ClassGetHubNode;6
28;ADD_OBJ;org.graalvm.compiler.nodes.calc.FloatConvertNode;26
28;ADD_OBJ;org.graalvm.compiler.nodes.LoopEndNode;5614
28;ADD_OBJ;org.graalvm.compiler.hotspot.nodes.HotSpotDirectCallTargetNode;9744
28;ADD_OBJ;org.graalvm.compiler.nodes.extended.LoadHubNode;2481
28;ADD_OBJ;org.graalvm.compiler.hotspot.nodes.JumpToExceptionHandlerInCallerNode;5
28;ADD_OBJ;org.graalvm.compiler.nodes.extended.BytecodeExceptionNode;11
28;ADD_OBJ;org.graalvm.compiler.nodes.PiNode$Placeholder;11
28;ADD_OBJ;org.graalvm.compiler.nodes.calc.IsNullNode;15490
28;ADD_OBJ;org.graalvm.compiler.nodes.java.ArrayLengthNode;774
28;ADD_OBJ;org.graalvm.compiler.virtual.nodes.VirtualObjectState;1789
28;ADD_OBJ;org.graalvm.compiler.nodes.calc.ObjectEqualsNode;2520
28;ADD_OBJ;org.graalvm.compiler.nodes.ConstantNode;37623
28;ADD_OBJ;org.graalvm.compiler.nodes.calc.UnsignedRightShiftNode;4589
28;ADD_OBJ;org.graalvm.compiler.nodes.extended.NullCheckNode;517
28;ADD_OBJ;org.graalvm.compiler.hotspot.replacements.arraycopy.ArrayCopyCallNode;210
28;ADD_OBJ;org.graalvm.compiler.nodes.virtual.VirtualInstanceNode;1563
28;ADD_OBJ;org.graalvm.compiler.nodes.extended.UnboxNode;4
28;ADD_OBJ;org.graalvm.compiler.nodes.calc.PointerEqualsNode;5786
28;ADD_OBJ;org.graalvm.compiler.nodes.java.MonitorIdNode;271
28;ADD_OBJ;org.graalvm.compiler.nodes.calc.IntegerTestNode;1764
28;ADD_OBJ;org.graalvm.compiler.hotspot.nodes.JumpToExceptionHandlerNode;5
28;ADD_OBJ;org.graalvm.compiler.nodes.calc.NarrowNode;982
28;ADD_OBJ;org.graalvm.compiler.nodes.UnwindNode;370
28;ADD_OBJ;org.graalvm.compiler.nodes.PiArrayNode$Placeholder;6
28;ADD_OBJ;org.graalvm.compiler.nodes.ShortCircuitOrNode;267
28;ADD_OBJ;org.graalvm.compiler.nodes.calc.AddNode;24483
28;ADD_OBJ;org.graalvm.compiler.nodes.java.FinalFieldBarrierNode;13
28;ADD_OBJ;org.graalvm.compiler.nodes.java.DynamicNewArrayNode;12
28;ADD_OBJ;org.graalvm.compiler.hotspot.word.PointerCastNode;542
28;ADD_OBJ;org.graalvm.compiler.nodes.java.MonitorEnterNode;50
28;ADD_OBJ;org.graalvm.compiler.hotspot.replacements.arraycopy.CheckcastArrayCopyCallNode;1
28;ADD_OBJ;org.graalvm.compiler.nodes.ReturnNode;8461
28;ADD_OBJ;org.graalvm.compiler.hotspot.replacements.arraycopy.ArrayCopyWithSlowPathNode;13
28;ADD_OBJ;org.graalvm.compiler.nodes.PrefetchAllocateNode;1931
28;ADD_OBJ;org.graalvm.compiler.nodes.calc.NegateNode;16
28;ADD_OBJ;org.graalvm.compiler.hotspot.nodes.CurrentJavaThreadNode;10
28;ADD_OBJ;org.graalvm.compiler.nodes.calc.IntegerBelowNode;10960
28;ADD_OBJ;org.graalvm.compiler.nodes.virtual.CommitAllocationNode;847
28;ADD_OBJ;org.graalvm.compiler.hotspot.nodes.CurrentLockNode;140
28;ADD_OBJ;org.graalvm.compiler.nodes.extended.JavaReadNode;134
28;ADD_OBJ;org.graalvm.compiler.nodes.calc.SignedDivNode;30
28;ADD_OBJ;org.graalvm.compiler.nodes.java.LoadFieldNode;6427
28;ADD_OBJ;org.graalvm.compiler.nodes.virtual.AllocatedObjectNode;869
28;ADD_OBJ;org.graalvm.compiler.hotspot.nodes.StubStartNode;40
28;ADD_OBJ;org.graalvm.compiler.nodes.extended.IntegerSwitchNode;1321
28;ADD_OBJ;org.graalvm.compiler.hotspot.nodes.HotSpotIndirectCallTargetNode;728
28;ADD_OBJ;org.graalvm.compiler.hotspot.nodes.AcquiredCASLockNode;110
28;ADD_OBJ;org.graalvm.compiler.nodes.calc.IntegerLessThanNode;10052
28;ADD_OBJ;org.graalvm.compiler.nodes.java.LoadIndexedNode;2308
28;ADD_OBJ;org.graalvm.compiler.nodes.extended.FixedValueAnchorNode;1326
28;ADD_OBJ;org.graalvm.compiler.nodes.StartNode;2478
28;ADD_OBJ;org.graalvm.compiler.nodes.memory.FloatingReadNode;29840
28;ADD_OBJ;org.graalvm.compiler.nodes.extended.StateSplitProxyNode;70
28;ADD_OBJ;org.graalvm.compiler.replacements.amd64.AMD64FloatConvertNode;24
28;ADD_OBJ;org.graalvm.compiler.nodes.extended.RawLoadNode;24
28;ADD_OBJ;org.graalvm.compiler.nodes.java.InstanceOfDynamicNode;57
28;ADD_OBJ;org.graalvm.compiler.nodes.extended.MembarNode;3809
28;ADD_OBJ;org.graalvm.compiler.hotspot.replacements.IdentityHashCodeNode;26
28;ADD_OBJ;org.graalvm.compiler.hotspot.nodes.SerialWriteBarrier;1870
28;ADD_OBJ;org.graalvm.compiler.nodes.java.InstanceOfNode;1706
28;ADD_OBJ;org.graalvm.compiler.nodes.extended.OSRStartNode;30
28;ADD_OBJ;org.graalvm.compiler.nodes.calc.SignedRemNode;115
28;ADD_OBJ;org.graalvm.compiler.nodes.calc.MulNode;50
28;ADD_OBJ;org.graalvm.compiler.hotspot.nodes.FastAcquireBiasedLockNode;110
28;ADD_OBJ;org.graalvm.compiler.nodes.BeginNode;119464
28;ADD_OBJ;org.graalvm.compiler.nodes.java.ExceptionObjectNode;266
28;ADD_OBJ;org.graalvm.compiler.word.WordCastNode;5397
28;ADD_OBJ;org.graalvm.compiler.hotspot.replacements.HubGetClassNode;53
28;ADD_OBJ;org.graalvm.compiler.nodes.calc.ReinterpretNode;50
28;ADD_OBJ;org.graalvm.compiler.nodes.calc.ZeroExtendNode;11519
28;ADD_OBJ;org.graalvm.compiler.nodes.memory.WriteNode;32235
28;ADD_OBJ;org.graalvm.compiler.nodes.calc.OrNode;2760
28;ADD_OBJ;org.graalvm.compiler.nodes.extended.StoreHubNode;19
28;ADD_OBJ;org.graalvm.compiler.nodes.IfNode;62812
28;ADD_OBJ;org.graalvm.compiler.hotspot.nodes.DeoptimizeCallerNode;30
28;ADD_OBJ;org.graalvm.compiler.nodes.java.MonitorExitNode;205
28;ADD_OBJ;org.graalvm.compiler.hotspot.replacements.arraycopy.ArrayCopyNode;111
28;ADD_OBJ;org.graalvm.compiler.nodes.SafepointNode;1648
28;ADD_OBJ;org.graalvm.compiler.nodes.DynamicDeoptimizeNode;4195
28;ADD_OBJ;org.graalvm.compiler.nodes.MergeNode;19804
28;ADD_OBJ;org.graalvm.compiler.nodes.extended.JavaWriteNode;165
28;ADD_OBJ;org.graalvm.compiler.hotspot.nodes.StubForeignCallNode;45
28;ADD_OBJ;org.graalvm.compiler.replacements.amd64.AMD64StringIndexOfNode;5
28;ADD_OBJ;org.graalvm.compiler.nodes.extended.ForeignCallNode;2258
28;ADD_OBJ;org.graalvm.compiler.nodes.java.LogicCompareAndSwapNode;506
28;ADD_OBJ;org.graalvm.compiler.nodes.memory.address.OffsetAddressNode;40374
28;ADD_OBJ;org.graalvm.compiler.hotspot.nodes.GetObjectAddressNode;456
28;ADD_OBJ;org.graalvm.compiler.nodes.PiArrayNode;161
28;ADD_OBJ;org.graalvm.compiler.nodes.calc.ConditionalNode;473
28;ADD_OBJ;org.graalvm.compiler.nodes.java.RawMonitorEnterNode;102
28;ADD_OBJ;org.graalvm.compiler.nodes.extended.BoxNode;32
28;ADD_OBJ;org.graalvm.compiler.nodes.FixedGuardNode;4435
28;ADD_OBJ;org.graalvm.compiler.nodes.calc.IntegerEqualsNode;15019
28;ADD_OBJ;org.graalvm.compiler.hotspot.nodes.EndLockScopeNode;280
28;ADD_OBJ;org.graalvm.compiler.nodes.java.RegisterFinalizerNode;10
28;ADD_OBJ;org.graalvm.compiler.replacements.nodes.BitScanForwardNode;5
28;ADD_OBJ;org.graalvm.compiler.replacements.nodes.ReadRegisterNode;2189
28;SET_INDEXED;org.graalvm.compiler.nodes.memory.ReadNode;11023
28;GET_INDEXED;org.graalvm.compiler.nodes.calc.FloatEqualsNode;12
28;GET_INDEXED;org.graalvm.compiler.nodes.java.TypeSwitchNode;274
28;GET_INDEXED;org.graalvm.compiler.nodes.ReturnNode;3434
28;GET_INDEXED;org.graalvm.compiler.nodes.calc.NotNode;12
28;GET_INDEXED;org.graalvm.compiler.nodes.PrefetchAllocateNode;1904
28;GET_INDEXED;org.graalvm.compiler.nodes.calc.AndNode;934
28;GET_INDEXED;org.graalvm.compiler.nodes.calc.XorNode;334
28;GET_INDEXED;org.graalvm.compiler.nodes.calc.LeftShiftNode;2017
28;GET_INDEXED;org.graalvm.compiler.nodes.calc.FloatLessThanNode;18
28;GET_INDEXED;org.graalvm.compiler.nodes.InvokeWithExceptionNode;266
28;GET_INDEXED;org.graalvm.compiler.nodes.calc.NegateNode;6
28;GET_INDEXED;org.graalvm.compiler.hotspot.nodes.CurrentJavaThreadNode;4
28;GET_INDEXED;org.graalvm.compiler.nodes.calc.IntegerBelowNode;6843
28;GET_INDEXED;org.graalvm.compiler.hotspot.nodes.CurrentLockNode;136
28;GET_INDEXED;org.graalvm.compiler.nodes.calc.SignedDivNode;12
28;GET_INDEXED;org.graalvm.compiler.nodes.virtual.VirtualArrayNode;2
28;GET_INDEXED;org.graalvm.compiler.hotspot.nodes.PatchReturnAddressNode;2
28;GET_INDEXED;org.graalvm.compiler.nodes.LoopBeginNode;2126
28;GET_INDEXED;org.graalvm.compiler.nodes.FrameState;17561
28;GET_INDEXED;org.graalvm.compiler.nodes.memory.ReadNode;34904
28;GET_INDEXED;org.graalvm.compiler.hotspot.nodes.StubStartNode;20
28;GET_INDEXED;org.graalvm.compiler.nodes.calc.RightShiftNode;82
28;GET_INDEXED;org.graalvm.compiler.nodes.extended.IntegerSwitchNode;522
28;GET_INDEXED;org.graalvm.compiler.hotspot.nodes.HotSpotIndirectCallTargetNode;362
28;GET_INDEXED;org.graalvm.compiler.hotspot.nodes.AcquiredCASLockNode;106
28;GET_INDEXED;org.graalvm.compiler.nodes.calc.SubNode;1277
28;GET_INDEXED;org.graalvm.compiler.nodes.calc.IntegerLessThanNode;4336
28;GET_INDEXED;org.graalvm.compiler.hotspot.nodes.HotSpotCompressionNode;7483
28;GET_INDEXED;org.graalvm.compiler.nodes.ParameterNode;1831
28;GET_INDEXED;org.graalvm.compiler.nodes.DeoptimizeNode;2254
28;GET_INDEXED;org.graalvm.compiler.nodes.calc.SignExtendNode;1283
28;GET_INDEXED;org.graalvm.compiler.core.amd64.AMD64AddressNode;40090
28;GET_INDEXED;org.graalvm.compiler.nodes.extended.FixedValueAnchorNode;884
28;GET_INDEXED;org.graalvm.compiler.nodes.StartNode;982
28;GET_INDEXED;org.graalvm.compiler.hotspot.nodes.BeginLockScopeNode;106
28;GET_INDEXED;org.graalvm.compiler.nodes.LoopExitNode;11426
28;GET_INDEXED;org.graalvm.compiler.replacements.amd64.AMD64FloatConvertNode;12
28;GET_INDEXED;org.graalvm.compiler.nodes.extended.MembarNode;2867
28;GET_INDEXED;org.graalvm.compiler.nodes.KillingBeginNode;534
28;GET_INDEXED;org.graalvm.compiler.nodes.EndNode;32046
28;GET_INDEXED;org.graalvm.compiler.replacements.nodes.ArrayEqualsNode;228
28;GET_INDEXED;org.graalvm.compiler.nodes.calc.SignedRemNode;46
28;GET_INDEXED;org.graalvm.compiler.nodes.calc.MulNode;22
28;GET_INDEXED;org.graalvm.compiler.nodes.InvokeNode;4972
28;GET_INDEXED;org.graalvm.compiler.nodes.virtual.VirtualBoxingNode;64
28;GET_INDEXED;org.graalvm.compiler.hotspot.nodes.FastAcquireBiasedLockNode;106
28;GET_INDEXED;org.graalvm.compiler.nodes.java.ValueCompareAndSwapNode;212
28;GET_INDEXED;org.graalvm.compiler.nodes.BeginNode;48398
28;GET_INDEXED;org.graalvm.compiler.word.WordCastNode;5356
28;GET_INDEXED;org.graalvm.compiler.virtual.nodes.MaterializedObjectState;256
28;GET_INDEXED;org.graalvm.compiler.nodes.calc.ReinterpretNode;30
28;GET_INDEXED;org.graalvm.compiler.nodes.calc.ZeroExtendNode;3736
28;GET_INDEXED;org.graalvm.compiler.nodes.memory.WriteNode;22634
28;GET_INDEXED;org.graalvm.compiler.nodes.calc.OrNode;1589
28;GET_INDEXED;org.graalvm.compiler.nodes.IfNode;29290
28;GET_INDEXED;org.graalvm.compiler.nodes.calc.FloatConvertNode;10
28;GET_INDEXED;org.graalvm.compiler.hotspot.nodes.HotSpotDirectCallTargetNode;4878
28;GET_INDEXED;org.graalvm.compiler.nodes.LoopEndNode;2580
28;GET_INDEXED;org.graalvm.compiler.hotspot.nodes.DeoptimizeCallerNode;14
28;GET_INDEXED;org.graalvm.compiler.hotspot.nodes.JumpToExceptionHandlerInCallerNode;2
28;GET_INDEXED;org.graalvm.compiler.nodes.SafepointNode;820
28;GET_INDEXED;org.graalvm.compiler.nodes.DynamicDeoptimizeNode;2750
28;GET_INDEXED;org.graalvm.compiler.nodes.calc.IsNullNode;3200
28;GET_INDEXED;org.graalvm.compiler.nodes.MergeNode;10026
28;GET_INDEXED;org.graalvm.compiler.virtual.nodes.VirtualObjectState;739
28;GET_INDEXED;org.graalvm.compiler.hotspot.nodes.StubForeignCallNode;20
28;GET_INDEXED;org.graalvm.compiler.nodes.calc.ObjectEqualsNode;888
28;GET_INDEXED;org.graalvm.compiler.replacements.amd64.AMD64StringIndexOfNode;2
28;GET_INDEXED;org.graalvm.compiler.nodes.ConstantNode;16028
28;GET_INDEXED;org.graalvm.compiler.nodes.extended.ForeignCallNode;2100
28;GET_INDEXED;org.graalvm.compiler.nodes.java.LogicCompareAndSwapNode;701
28;GET_INDEXED;org.graalvm.compiler.nodes.calc.UnsignedRightShiftNode;4088
28;GET_INDEXED;org.graalvm.compiler.nodes.extended.NullCheckNode;1042
28;GET_INDEXED;org.graalvm.compiler.hotspot.nodes.GetObjectAddressNode;462
28;GET_INDEXED;org.graalvm.compiler.nodes.calc.ConditionalNode;164
28;GET_INDEXED;org.graalvm.compiler.nodes.virtual.VirtualInstanceNode;495
28;GET_INDEXED;org.graalvm.compiler.nodes.calc.PointerEqualsNode;4402
28;GET_INDEXED;org.graalvm.compiler.nodes.calc.IntegerEqualsNode;7812
28;GET_INDEXED;org.graalvm.compiler.nodes.java.MonitorIdNode;108
28;GET_INDEXED;org.graalvm.compiler.nodes.calc.IntegerTestNode;1127
28;GET_INDEXED;org.graalvm.compiler.hotspot.nodes.EndLockScopeNode;272
28;GET_INDEXED;org.graalvm.compiler.nodes.java.RegisterFinalizerNode;4
28;GET_INDEXED;org.graalvm.compiler.hotspot.nodes.JumpToExceptionHandlerNode;2
28;GET_INDEXED;org.graalvm.compiler.nodes.calc.NarrowNode;651
28;GET_INDEXED;org.graalvm.compiler.nodes.UnwindNode;148
28;GET_INDEXED;org.graalvm.compiler.replacements.nodes.BitScanForwardNode;2
28;GET_INDEXED;org.graalvm.compiler.nodes.calc.AddNode;9572
28;GET_INDEXED;org.graalvm.compiler.replacements.nodes.ReadRegisterNode;2066
28;GET_INDEXED;org.graalvm.compiler.hotspot.word.PointerCastNode;360
29;ADD_OBJ;org.graalvm.compiler.nodes.GuardNode;29995
30;ADD_OBJ;org.graalvm.compiler.loop.LoopEx;6155
31;ADD_OBJ;org.graalvm.compiler.nodes.cfg.Block;28606
31;GET_INDEXED;org.graalvm.compiler.nodes.cfg.Block;28604
32;ADD_OBJ;org.graalvm.compiler.nodes.ReturnNode;121
32;ADD_OBJ;org.graalvm.compiler.nodes.calc.AndNode;1
32;ADD_OBJ;org.graalvm.compiler.nodes.calc.LeftShiftNode;21
32;ADD_OBJ;org.graalvm.compiler.nodes.calc.IntegerBelowNode;22
32;ADD_OBJ;org.graalvm.compiler.nodes.calc.SignedDivNode;3
32;ADD_OBJ;org.graalvm.compiler.nodes.java.UnsafeCompareAndSwapNode;1
32;ADD_OBJ;org.graalvm.compiler.nodes.virtual.AllocatedObjectNode;1290
32;ADD_OBJ;org.graalvm.compiler.nodes.LoopBeginNode;261
32;ADD_OBJ;org.graalvm.compiler.nodes.java.LoadFieldNode;558
32;ADD_OBJ;org.graalvm.compiler.nodes.FrameState;7071
32;ADD_OBJ;org.graalvm.compiler.nodes.memory.ReadNode;2
32;ADD_OBJ;org.graalvm.compiler.nodes.java.StoreIndexedNode;64
32;ADD_OBJ;org.graalvm.compiler.nodes.java.MethodCallTargetNode;193
32;ADD_OBJ;org.graalvm.compiler.nodes.calc.SubNode;19
32;ADD_OBJ;org.graalvm.compiler.nodes.calc.IntegerLessThanNode;360
32;ADD_OBJ;org.graalvm.compiler.nodes.PiNode;1302
32;ADD_OBJ;org.graalvm.compiler.nodes.memory.MemoryMapNode;41
32;ADD_OBJ;org.graalvm.compiler.hotspot.nodes.HotSpotCompressionNode;62
32;ADD_OBJ;org.graalvm.compiler.nodes.ParameterNode;11742
32;ADD_OBJ;org.graalvm.compiler.nodes.java.LoadIndexedNode;214
32;ADD_OBJ;org.graalvm.compiler.nodes.calc.SignExtendNode;61
32;ADD_OBJ;org.graalvm.compiler.nodes.java.NewArrayNode;1
32;ADD_OBJ;org.graalvm.compiler.nodes.extended.FixedValueAnchorNode;448
32;ADD_OBJ;org.graalvm.compiler.core.amd64.AMD64AddressNode;12
32;ADD_OBJ;org.graalvm.compiler.nodes.memory.FloatingReadNode;271
32;ADD_OBJ;org.graalvm.compiler.nodes.LoopExitNode;101
32;ADD_OBJ;org.graalvm.compiler.nodes.extended.RawLoadNode;2
32;ADD_OBJ;org.graalvm.compiler.nodes.java.InstanceOfNode;38
32;ADD_OBJ;org.graalvm.compiler.replacements.nodes.ArrayEqualsNode;2
32;ADD_OBJ;org.graalvm.compiler.nodes.EntryProxyNode;551
32;ADD_OBJ;org.graalvm.compiler.nodes.calc.MulNode;3
32;ADD_OBJ;org.graalvm.compiler.nodes.InvokeNode;13
32;ADD_OBJ;org.graalvm.compiler.nodes.BeginNode;1906
32;ADD_OBJ;org.graalvm.compiler.word.WordCastNode;2
32;ADD_OBJ;org.graalvm.compiler.nodes.java.StoreFieldNode;474
32;ADD_OBJ;org.graalvm.compiler.nodes.memory.WriteNode;4338
32;ADD_OBJ;org.graalvm.compiler.nodes.calc.OrNode;2
32;ADD_OBJ;org.graalvm.compiler.nodes.IfNode;1502
32;ADD_OBJ;org.graalvm.compiler.hotspot.nodes.LoadIndexedPointerNode;3
32;ADD_OBJ;org.graalvm.compiler.hotspot.nodes.HotSpotDirectCallTargetNode;32
32;ADD_OBJ;org.graalvm.compiler.nodes.extended.LoadHubNode;3
32;ADD_OBJ;org.graalvm.compiler.hotspot.replacements.arraycopy.ArrayCopyNode;9
32;ADD_OBJ;org.graalvm.compiler.nodes.calc.IsNullNode;38
32;ADD_OBJ;org.graalvm.compiler.nodes.java.ArrayLengthNode;25
32;ADD_OBJ;org.graalvm.compiler.virtual.nodes.VirtualObjectState;2
32;ADD_OBJ;org.graalvm.compiler.nodes.MergeNode;6
32;ADD_OBJ;org.graalvm.compiler.nodes.memory.MemoryPhiNode;11651
32;ADD_OBJ;org.graalvm.compiler.nodes.calc.ObjectEqualsNode;4
32;ADD_OBJ;org.graalvm.compiler.nodes.java.LogicCompareAndSwapNode;2
32;ADD_OBJ;org.graalvm.compiler.nodes.memory.address.OffsetAddressNode;886
32;ADD_OBJ;org.graalvm.compiler.hotspot.replacements.arraycopy.ArrayCopyCallNode;204
32;ADD_OBJ;org.graalvm.compiler.nodes.GuardNode;617
32;ADD_OBJ;org.graalvm.compiler.nodes.calc.ConditionalNode;8
32;ADD_OBJ;org.graalvm.compiler.replacements.nodes.LoadSnippetVarargParameterNode;12
32;ADD_OBJ;org.graalvm.compiler.nodes.ValuePhiNode;25569
32;ADD_OBJ;org.graalvm.compiler.nodes.calc.IntegerEqualsNode;37
32;ADD_OBJ;org.graalvm.compiler.nodes.UnwindNode;44
32;ADD_OBJ;org.graalvm.compiler.nodes.ValueProxyNode;6595
32;ADD_OBJ;org.graalvm.compiler.nodes.ShortCircuitOrNode;282
32;ADD_OBJ;org.graalvm.compiler.nodes.calc.AddNode;687
32;GET_INDEXED;org.graalvm.compiler.nodes.ReturnNode;28
32;GET_INDEXED;org.graalvm.compiler.nodes.ValuePhiNode;820
33;ADD_OBJ;org.graalvm.compiler.nodes.LoopEndNode;30
33;ADD_OBJ;org.graalvm.compiler.nodes.EndNode;6771
34;ADD_OBJ;org.graalvm.compiler.nodes.cfg.Block;36839
35;ADD_OBJ;org.graalvm.compiler.nodes.cfg.Block;36839
37;ADD_OBJ;org.graalvm.compiler.lir.framemap.SimpleVirtualStackSlot;4544
38;ADD_OBJ;jdk.vm.ci.code.CallingConvention;3683
39;ADD_OBJ;org.graalvm.compiler.hotspot.amd64.AMD64HotSpotUnwindOp;74
39;ADD_OBJ;org.graalvm.compiler.hotspot.amd64.AMD64HotSpotReturnOp;1717
39;ADD_OBJ;org.graalvm.compiler.hotspot.amd64.AMD64HotSpotDeoptimizeCallerOp;7
39;ADD_OBJ;org.graalvm.compiler.hotspot.amd64.AMD64HotSpotJumpToExceptionHandlerInCallerOp;1
40;ADD_OBJ;org.graalvm.compiler.core.common.FieldsScanner$FieldInfo;20
41;ADD_OBJ;org.graalvm.compiler.lir.LIRIntrospection$ValueFieldInfo;161
41;GET_INDEXED;org.graalvm.compiler.lir.LIRIntrospection$ValueFieldInfo;161
42;ADD_OBJ;org.graalvm.compiler.core.match.MatchStatement;92
43;ADD_OBJ;org.graalvm.compiler.lir.amd64.AMD64SaveRegistersOp;8
43;ADD_OBJ;org.graalvm.compiler.lir.amd64.AMD64Move$StackLeaOp;121
43;ADD_OBJ;org.graalvm.compiler.lir.amd64.AMD64ArrayEqualsOp;114
43;ADD_OBJ;org.graalvm.compiler.lir.amd64.AMD64SignExtendOp;29
43;ADD_OBJ;org.graalvm.compiler.hotspot.amd64.AMD64HotSpotMove$HotSpotLoadMetaspaceConstantOp;461
43;ADD_OBJ;org.graalvm.compiler.hotspot.amd64.AMD64HotSpotJumpToExceptionHandlerInCallerOp;1
43;ADD_OBJ;org.graalvm.compiler.lir.amd64.AMD64Binary$ConstOp;3173
43;ADD_OBJ;org.graalvm.compiler.hotspot.HotSpotLockStack;501
43;ADD_OBJ;org.graalvm.compiler.hotspot.amd64.AMD64HotSpotSafepointOp;411
43;ADD_OBJ;org.graalvm.compiler.hotspot.amd64.AMD64HotSpotStrategySwitchOp;329
43;ADD_OBJ;org.graalvm.compiler.lir.amd64.AMD64BinaryConsumer$VMConstOp;317
43;ADD_OBJ;org.graalvm.collections.list.statistics.NoObject;61436
43;ADD_OBJ;org.graalvm.compiler.lir.amd64.AMD64BinaryConsumer$MemoryMROp;6356
43;ADD_OBJ;org.graalvm.compiler.lir.amd64.AMD64ShiftOp;25
43;ADD_OBJ;org.graalvm.compiler.lir.StandardOp$LabelOp;36839
43;ADD_OBJ;org.graalvm.compiler.hotspot.amd64.AMD64DeoptimizeOp;2523
43;ADD_OBJ;org.graalvm.compiler.lir.amd64.AMD64Move$MoveFromConstOp;3008
43;ADD_OBJ;org.graalvm.compiler.lir.amd64.AMD64Unary$RMOp;1182
43;ADD_OBJ;org.graalvm.compiler.lir.amd64.AMD64ControlFlow$FloatBranchOp;15
43;ADD_OBJ;org.graalvm.compiler.lir.amd64.AMD64BinaryConsumer$MemoryConstOp;9814
43;ADD_OBJ;org.graalvm.compiler.lir.amd64.AMD64BinaryConsumer$ConstOp;2154
43;ADD_OBJ;org.graalvm.compiler.lir.amd64.AMD64RestoreRegistersOp;8
43;ADD_OBJ;org.graalvm.compiler.lir.amd64.AMD64Move$MoveFromRegOp;3735
43;ADD_OBJ;org.graalvm.compiler.lir.amd64.AMD64Move$CompareAndSwapOp;341
43;ADD_OBJ;org.graalvm.compiler.lir.amd64.AMD64Binary$MemoryThreeOp;2
43;ADD_OBJ;org.graalvm.compiler.lir.amd64.AMD64Move$NullCheckOp;517
43;ADD_OBJ;org.graalvm.compiler.hotspot.amd64.AMD64HotSpotMove$HotSpotLoadObjectConstantOp;308
43;ADD_OBJ;org.graalvm.compiler.lir.amd64.AMD64Unary$MemoryOp;11522
43;ADD_OBJ;org.graalvm.compiler.hotspot.amd64.AMD64HotSpotCRuntimeCallEpilogueOp;9
43;ADD_OBJ;org.graalvm.compiler.lir.amd64.AMD64VZeroUpper;9
43;ADD_OBJ;org.graalvm.compiler.lir.amd64.AMD64BinaryConsumer$MemoryVMConstOp;1275
43;ADD_OBJ;org.graalvm.compiler.lir.amd64.AMD64ControlFlow$CondSetOp;69
43;ADD_OBJ;org.graalvm.compiler.hotspot.amd64.AMD64HotSpotDeoptimizeCallerOp;7
43;ADD_OBJ;org.graalvm.compiler.lir.amd64.AMD64Move$LeaDataOp;1
43;ADD_OBJ;org.graalvm.compiler.lir.amd64.AMD64Move$MembarOp;30
43;ADD_OBJ;org.graalvm.compiler.lir.amd64.AMD64Binary$CommutativeThreeOp;2
43;ADD_OBJ;org.graalvm.compiler.lir.amd64.AMD64ControlFlow$CondMoveOp;16
43;ADD_OBJ;org.graalvm.compiler.hotspot.amd64.AMD64HotSpotPatchReturnAddressOp;2
43;ADD_OBJ;org.graalvm.compiler.lir.amd64.AMD64ControlFlow$TableSwitchOp;5
43;ADD_OBJ;org.graalvm.compiler.hotspot.amd64.AMD64HotSpotDirectStaticCallOp;2266
43;ADD_OBJ;org.graalvm.compiler.hotspot.amd64.AMD64IndirectCallOp;182
43;ADD_OBJ;org.graalvm.compiler.lir.amd64.AMD64Unary$MOp;1670
43;ADD_OBJ;org.graalvm.compiler.lir.amd64.AMD64BinaryConsumer$Op;8163
43;ADD_OBJ;org.graalvm.compiler.hotspot.amd64.AMD64HotSpotCRuntimeCallPrologueOp;9
43;ADD_OBJ;org.graalvm.compiler.lir.StandardOp$JumpOp;18853
43;ADD_OBJ;org.graalvm.compiler.lir.amd64.AMD64Binary$TwoOp;610
43;ADD_OBJ;org.graalvm.compiler.lir.amd64.AMD64Move$UncompressPointerOp;2985
43;ADD_OBJ;org.graalvm.compiler.lir.amd64.AMD64Binary$DataTwoOp;4
43;ADD_OBJ;org.graalvm.compiler.lir.amd64.AMD64Binary$DataThreeOp;2
43;ADD_OBJ;org.graalvm.compiler.lir.amd64.AMD64Binary$RMIOp;6
43;ADD_OBJ;org.graalvm.compiler.lir.amd64.AMD64Move$MoveToRegOp;8720
43;ADD_OBJ;org.graalvm.compiler.lir.amd64.AMD64BinaryConsumer$MemoryRMOp;1385
43;ADD_OBJ;org.graalvm.compiler.lir.amd64.AMD64Move$CompressPointerOp;748
43;ADD_OBJ;org.graalvm.compiler.lir.amd64.AMD64Binary$CommutativeTwoOp;1299
43;ADD_OBJ;org.graalvm.compiler.hotspot.amd64.AMD64HotspotDirectVirtualCallOp;173
43;ADD_OBJ;org.graalvm.compiler.lir.amd64.AMD64Binary$MemoryTwoOp;516
43;ADD_OBJ;org.graalvm.compiler.hotspot.amd64.AMD64HotSpotUnwindOp;74
43;ADD_OBJ;org.graalvm.compiler.lir.amd64.AMD64MulDivOp;29
43;ADD_OBJ;org.graalvm.compiler.lir.amd64.AMD64ControlFlow$BranchOp;13315
43;ADD_OBJ;org.graalvm.compiler.lir.amd64.AMD64Move$LeaOp;2315
43;ADD_OBJ;org.graalvm.compiler.lir.amd64.AMD64StringIndexOfOp;1
43;ADD_OBJ;org.graalvm.compiler.hotspot.amd64.AMD64HotSpotReturnOp;1717
43;ADD_OBJ;org.graalvm.compiler.lir.amd64.AMD64Call$DirectNearForeignCallOp;1062
43;ADD_OBJ;org.graalvm.compiler.lir.amd64.AMD64PrefetchOp;952
43;ADD_OBJ;org.graalvm.compiler.lir.StandardOp$NoOp;501
43;SET_INDEXED;org.graalvm.compiler.lir.amd64.AMD64Move$StackLeaOp;23
43;SET_INDEXED;org.graalvm.compiler.lir.amd64.AMD64SignExtendOp;12
43;SET_INDEXED;org.graalvm.compiler.lir.amd64.AMD64ArrayEqualsOp;107
43;SET_INDEXED;org.graalvm.compiler.hotspot.amd64.AMD64HotSpotMove$HotSpotLoadMetaspaceConstantOp;769
43;SET_INDEXED;org.graalvm.compiler.hotspot.amd64.AMD64HotSpotJumpToExceptionHandlerInCallerOp;1
43;SET_INDEXED;org.graalvm.compiler.lir.amd64.AMD64Binary$ConstOp;1509
43;SET_INDEXED;org.graalvm.compiler.hotspot.amd64.AMD64HotSpotSafepointOp;65
43;SET_INDEXED;org.graalvm.compiler.hotspot.amd64.AMD64HotSpotStrategySwitchOp;142
43;SET_INDEXED;org.graalvm.compiler.lir.amd64.AMD64BinaryConsumer$VMConstOp;29
43;SET_INDEXED;org.graalvm.collections.list.statistics.NoObject;26991
43;SET_INDEXED;org.graalvm.compiler.lir.amd64.AMD64BinaryConsumer$MemoryMROp;1815
43;SET_INDEXED;org.graalvm.compiler.lir.amd64.AMD64ShiftOp;14
43;SET_INDEXED;org.graalvm.compiler.hotspot.amd64.AMD64DeoptimizeOp;697
43;SET_INDEXED;org.graalvm.compiler.lir.StandardOp$LabelOp;24
43;SET_INDEXED;org.graalvm.compiler.lir.amd64.AMD64Move$MoveFromConstOp;8660
43;SET_INDEXED;org.graalvm.compiler.lir.amd64.AMD64Unary$RMOp;498
43;SET_INDEXED;org.graalvm.compiler.lir.amd64.AMD64ControlFlow$FloatBranchOp;6
43;SET_INDEXED;org.graalvm.compiler.lir.amd64.AMD64BinaryConsumer$MemoryConstOp;3257
43;SET_INDEXED;org.graalvm.compiler.lir.amd64.AMD64BinaryConsumer$ConstOp;651
43;SET_INDEXED;org.graalvm.compiler.lir.amd64.AMD64RestoreRegistersOp;2
43;SET_INDEXED;org.graalvm.compiler.lir.amd64.AMD64Move$MoveFromRegOp;5598
43;SET_INDEXED;org.graalvm.compiler.lir.amd64.AMD64Binary$MemoryThreeOp;2
43;SET_INDEXED;org.graalvm.compiler.lir.amd64.AMD64Move$CompareAndSwapOp;50
43;SET_INDEXED;org.graalvm.compiler.lir.amd64.AMD64Move$NullCheckOp;336
43;SET_INDEXED;org.graalvm.compiler.hotspot.amd64.AMD64HotSpotMove$HotSpotLoadObjectConstantOp;1027
43;SET_INDEXED;org.graalvm.compiler.lir.amd64.AMD64Unary$MemoryOp;4128
43;SET_INDEXED;org.graalvm.compiler.hotspot.amd64.AMD64HotSpotCRuntimeCallEpilogueOp;2
43;SET_INDEXED;org.graalvm.compiler.lir.amd64.AMD64VZeroUpper;1
43;SET_INDEXED;org.graalvm.compiler.lir.amd64.AMD64Move$AMD64PushPopStackMove;3346
43;SET_INDEXED;org.graalvm.compiler.lir.amd64.AMD64BinaryConsumer$MemoryVMConstOp;318
43;SET_INDEXED;org.graalvm.compiler.lir.amd64.AMD64ControlFlow$CondSetOp;11
43;SET_INDEXED;org.graalvm.compiler.lir.amd64.AMD64Move$AMD64StackMove;3709
43;SET_INDEXED;org.graalvm.compiler.lir.amd64.AMD64Move$MembarOp;8
43;SET_INDEXED;org.graalvm.compiler.lir.amd64.AMD64Binary$CommutativeThreeOp;4
43;SET_INDEXED;org.graalvm.compiler.lir.amd64.AMD64ControlFlow$CondMoveOp;12
43;SET_INDEXED;org.graalvm.compiler.lir.amd64.AMD64ControlFlow$TableSwitchOp;8
43;SET_INDEXED;org.graalvm.compiler.hotspot.amd64.AMD64HotSpotDirectStaticCallOp;2815
43;SET_INDEXED;org.graalvm.compiler.hotspot.amd64.AMD64IndirectCallOp;232
43;SET_INDEXED;org.graalvm.compiler.lir.amd64.AMD64Unary$MOp;421
43;SET_INDEXED;org.graalvm.compiler.lir.amd64.AMD64BinaryConsumer$Op;2375
43;SET_INDEXED;org.graalvm.compiler.lir.StandardOp$JumpOp;16970
43;SET_INDEXED;org.graalvm.compiler.lir.amd64.AMD64Binary$TwoOp;198
43;SET_INDEXED;org.graalvm.compiler.lir.amd64.AMD64Move$UncompressPointerOp;1222
43;SET_INDEXED;org.graalvm.compiler.lir.amd64.AMD64Binary$DataTwoOp;4
43;SET_INDEXED;org.graalvm.compiler.lir.amd64.AMD64Move$AMD64MultiStackMove;3
43;SET_INDEXED;org.graalvm.compiler.lir.amd64.AMD64Move$MoveToRegOp;57203
43;SET_INDEXED;org.graalvm.compiler.lir.amd64.AMD64BinaryConsumer$MemoryRMOp;474
43;SET_INDEXED;org.graalvm.compiler.lir.amd64.AMD64Move$CompressPointerOp;519
43;SET_INDEXED;org.graalvm.compiler.lir.amd64.AMD64Binary$CommutativeTwoOp;626
43;SET_INDEXED;org.graalvm.compiler.hotspot.amd64.AMD64HotspotDirectVirtualCallOp;196
43;SET_INDEXED;org.graalvm.compiler.lir.amd64.AMD64Binary$MemoryTwoOp;87
43;SET_INDEXED;org.graalvm.compiler.hotspot.amd64.AMD64HotSpotUnwindOp;6
43;SET_INDEXED;org.graalvm.compiler.lir.amd64.AMD64MulDivOp;12
43;SET_INDEXED;org.graalvm.compiler.lir.amd64.AMD64ControlFlow$BranchOp;3743
43;SET_INDEXED;org.graalvm.compiler.lir.amd64.AMD64Move$LeaOp;1238
43;SET_INDEXED;org.graalvm.compiler.hotspot.amd64.AMD64HotSpotReturnOp;218
43;SET_INDEXED;org.graalvm.compiler.lir.amd64.AMD64Call$DirectNearForeignCallOp;1100
43;SET_INDEXED;org.graalvm.compiler.lir.amd64.AMD64PrefetchOp;176
43;GET_INDEXED;org.graalvm.compiler.lir.amd64.AMD64SaveRegistersOp;96
43;GET_INDEXED;org.graalvm.compiler.lir.amd64.AMD64Move$StackLeaOp;1412
43;GET_INDEXED;org.graalvm.compiler.lir.amd64.AMD64ArrayEqualsOp;1554
43;GET_INDEXED;org.graalvm.compiler.lir.amd64.AMD64SignExtendOp;357
43;GET_INDEXED;org.graalvm.compiler.hotspot.amd64.AMD64HotSpotMove$HotSpotLoadMetaspaceConstantOp;9909
43;GET_INDEXED;org.graalvm.compiler.hotspot.amd64.AMD64HotSpotJumpToExceptionHandlerInCallerOp;16
43;GET_INDEXED;org.graalvm.compiler.lir.amd64.AMD64Binary$ConstOp;40464
43;GET_INDEXED;org.graalvm.compiler.hotspot.HotSpotLockStack;5660
43;GET_INDEXED;org.graalvm.compiler.hotspot.amd64.AMD64HotSpotSafepointOp;5654
43;GET_INDEXED;org.graalvm.compiler.hotspot.amd64.AMD64HotSpotStrategySwitchOp;8198
43;GET_INDEXED;org.graalvm.compiler.lir.amd64.AMD64BinaryConsumer$VMConstOp;3173
43;GET_INDEXED;org.graalvm.collections.list.statistics.NoObject;18763
43;GET_INDEXED;org.graalvm.compiler.lir.amd64.AMD64BinaryConsumer$MemoryMROp;78748
43;GET_INDEXED;org.graalvm.compiler.lir.amd64.AMD64ShiftOp;308
43;GET_INDEXED;org.graalvm.compiler.lir.StandardOp$LabelOp;1074234
43;GET_INDEXED;org.graalvm.compiler.hotspot.amd64.AMD64DeoptimizeOp;38412
43;GET_INDEXED;org.graalvm.compiler.lir.amd64.AMD64Move$MoveFromConstOp;93400
43;GET_INDEXED;org.graalvm.compiler.lir.amd64.AMD64Unary$RMOp;15478
43;GET_INDEXED;org.graalvm.compiler.lir.amd64.AMD64ControlFlow$FloatBranchOp;298
43;GET_INDEXED;org.graalvm.compiler.lir.amd64.AMD64BinaryConsumer$MemoryConstOp;119938
43;GET_INDEXED;org.graalvm.compiler.lir.amd64.AMD64BinaryConsumer$ConstOp;26380
43;GET_INDEXED;org.graalvm.compiler.lir.amd64.AMD64RestoreRegistersOp;98
43;GET_INDEXED;org.graalvm.compiler.lir.amd64.AMD64Move$MoveFromRegOp;43239
43;GET_INDEXED;org.graalvm.compiler.lir.amd64.AMD64Move$CompareAndSwapOp;3939
43;GET_INDEXED;org.graalvm.compiler.lir.amd64.AMD64Binary$MemoryThreeOp;26
43;GET_INDEXED;org.graalvm.compiler.lir.amd64.AMD64Move$NullCheckOp;6519
43;GET_INDEXED;org.graalvm.compiler.hotspot.amd64.AMD64HotSpotMove$HotSpotLoadObjectConstantOp;10634
43;GET_INDEXED;org.graalvm.compiler.lir.amd64.AMD64Unary$MemoryOp;140001
43;GET_INDEXED;org.graalvm.compiler.hotspot.amd64.AMD64HotSpotCRuntimeCallEpilogueOp;108
43;GET_INDEXED;org.graalvm.compiler.lir.amd64.AMD64VZeroUpper;107
43;GET_INDEXED;org.graalvm.compiler.lir.amd64.AMD64BinaryConsumer$MemoryVMConstOp;15448
43;GET_INDEXED;org.graalvm.compiler.lir.amd64.AMD64Move$AMD64PushPopStackMove;4130
43;GET_INDEXED;org.graalvm.compiler.lir.amd64.AMD64ControlFlow$CondSetOp;829
43;GET_INDEXED;org.graalvm.compiler.hotspot.amd64.AMD64HotSpotDeoptimizeCallerOp;105
43;GET_INDEXED;org.graalvm.compiler.lir.amd64.AMD64Move$LeaDataOp;12
43;GET_INDEXED;org.graalvm.compiler.lir.amd64.AMD64Move$AMD64StackMove;4738
43;GET_INDEXED;org.graalvm.compiler.lir.amd64.AMD64Move$MembarOp;354
43;GET_INDEXED;org.graalvm.compiler.lir.amd64.AMD64Binary$CommutativeThreeOp;28
43;GET_INDEXED;org.graalvm.compiler.lir.amd64.AMD64ControlFlow$CondMoveOp;196
43;GET_INDEXED;org.graalvm.compiler.hotspot.amd64.AMD64HotSpotPatchReturnAddressOp;20
43;GET_INDEXED;org.graalvm.compiler.lir.amd64.AMD64ControlFlow$TableSwitchOp;219
43;GET_INDEXED;org.graalvm.compiler.hotspot.amd64.AMD64HotSpotDirectStaticCallOp;34851
43;GET_INDEXED;org.graalvm.compiler.hotspot.amd64.AMD64IndirectCallOp;2584
43;GET_INDEXED;org.graalvm.compiler.lir.amd64.AMD64Unary$MOp;21557
43;GET_INDEXED;org.graalvm.compiler.lir.amd64.AMD64BinaryConsumer$Op;100293
43;GET_INDEXED;org.graalvm.compiler.hotspot.amd64.AMD64HotSpotCRuntimeCallPrologueOp;106
43;GET_INDEXED;org.graalvm.compiler.lir.StandardOp$JumpOp;426569
43;GET_INDEXED;org.graalvm.compiler.lir.amd64.AMD64Binary$TwoOp;7634
43;GET_INDEXED;org.graalvm.compiler.lir.amd64.AMD64Move$UncompressPointerOp;36016
43;GET_INDEXED;org.graalvm.compiler.lir.amd64.AMD64Binary$DataTwoOp;48
43;GET_INDEXED;org.graalvm.compiler.lir.amd64.AMD64Binary$DataThreeOp;24
43;GET_INDEXED;org.graalvm.compiler.lir.amd64.AMD64Binary$RMIOp;64
43;GET_INDEXED;org.graalvm.compiler.lir.amd64.AMD64Move$MoveToRegOp;371811
43;GET_INDEXED;org.graalvm.compiler.lir.amd64.AMD64BinaryConsumer$MemoryRMOp;16628
43;GET_INDEXED;org.graalvm.compiler.lir.amd64.AMD64Move$CompressPointerOp;9686
43;GET_INDEXED;org.graalvm.compiler.lir.amd64.AMD64Binary$CommutativeTwoOp;16589
43;GET_INDEXED;org.graalvm.compiler.hotspot.amd64.AMD64HotspotDirectVirtualCallOp;2484
43;GET_INDEXED;org.graalvm.compiler.lir.amd64.AMD64Binary$MemoryTwoOp;6289
43;GET_INDEXED;org.graalvm.compiler.hotspot.amd64.AMD64HotSpotUnwindOp;1123
43;GET_INDEXED;org.graalvm.compiler.lir.amd64.AMD64MulDivOp;357
43;GET_INDEXED;org.graalvm.compiler.lir.amd64.AMD64ControlFlow$BranchOp;260961
43;GET_INDEXED;org.graalvm.compiler.lir.amd64.AMD64Move$LeaOp;31307
43;GET_INDEXED;org.graalvm.compiler.lir.amd64.AMD64StringIndexOfOp;10
43;GET_INDEXED;org.graalvm.compiler.hotspot.amd64.AMD64HotSpotReturnOp;24381
43;GET_INDEXED;org.graalvm.compiler.lir.amd64.AMD64Call$DirectNearForeignCallOp;15571
43;GET_INDEXED;org.graalvm.compiler.lir.amd64.AMD64PrefetchOp;11921
44;ADD_OBJ;org.graalvm.compiler.lir.Variable;7336
44;ADD_OBJ;org.graalvm.compiler.lir.ConstantValue;6208
45;ADD_OBJ;org.graalvm.compiler.nodes.calc.IntegerEqualsNode;1097
45;ADD_OBJ;org.graalvm.compiler.nodes.calc.ObjectEqualsNode;16
45;ADD_OBJ;org.graalvm.compiler.nodes.calc.IntegerTestNode;33
45;ADD_OBJ;org.graalvm.compiler.nodes.memory.ReadNode;4924
45;ADD_OBJ;org.graalvm.compiler.nodes.java.LogicCompareAndSwapNode;231
45;ADD_OBJ;org.graalvm.compiler.nodes.calc.NarrowNode;185
45;ADD_OBJ;org.graalvm.compiler.nodes.calc.IntegerBelowNode;1035
45;ADD_OBJ;org.graalvm.compiler.nodes.calc.PointerEqualsNode;1048
45;ADD_OBJ;org.graalvm.compiler.nodes.calc.IntegerLessThanNode;329
46;ADD_OBJ;org.graalvm.compiler.lir.Variable;4521
47;ADD_OBJ;org.graalvm.collections.list.statistics.NoObject;28644
47;SET_INDEXED;org.graalvm.collections.list.statistics.NoObject;1039
47;SET_INDEXED;org.graalvm.compiler.lir.constopt.DefUseTree;1823
47;GET_INDEXED;org.graalvm.collections.list.statistics.NoObject;48273
47;GET_INDEXED;org.graalvm.compiler.lir.constopt.DefUseTree;7424
48;ADD_OBJ;org.graalvm.compiler.lir.alloc.lsra.Interval;51358
48;ADD_OBJ;org.graalvm.collections.list.statistics.NoObject;7934
48;SET_INDEXED;org.graalvm.compiler.lir.alloc.lsra.Interval;25
48;GET_INDEXED;org.graalvm.compiler.lir.alloc.lsra.Interval;104461
48;GET_INDEXED;org.graalvm.collections.list.statistics.NoObject;16909
49;ADD_OBJ;jdk.vm.ci.meta.PrimitiveConstant;6786
49;ADD_OBJ;jdk.vm.ci.hotspot.HotSpotMetaspaceConstantImpl;358
49;ADD_OBJ;org.graalvm.collections.list.statistics.NoObject;51358
49;ADD_OBJ;jdk.vm.ci.meta.NullConstant;232
49;ADD_OBJ;jdk.vm.ci.hotspot.HotSpotObjectConstantImpl;558
49;GET_INDEXED;jdk.vm.ci.meta.PrimitiveConstant;6786
49;GET_INDEXED;jdk.vm.ci.hotspot.HotSpotMetaspaceConstantImpl;358
49;GET_INDEXED;jdk.vm.ci.meta.NullConstant;232
49;GET_INDEXED;jdk.vm.ci.hotspot.HotSpotObjectConstantImpl;558
50;ADD_OBJ;org.graalvm.compiler.lir.alloc.lsra.Interval;59292
50;GET_INDEXED;org.graalvm.compiler.lir.alloc.lsra.Interval;62053
51;ADD_OBJ;org.graalvm.compiler.lir.amd64.AMD64Move$AMD64PushPopStackMove;2046
51;ADD_OBJ;org.graalvm.compiler.lir.amd64.AMD64Move$MoveFromRegOp;1490
51;ADD_OBJ;org.graalvm.compiler.hotspot.amd64.AMD64HotSpotMove$HotSpotLoadMetaspaceConstantOp;542
51;ADD_OBJ;org.graalvm.compiler.lir.amd64.AMD64Move$MoveFromConstOp;7223
51;ADD_OBJ;org.graalvm.compiler.lir.amd64.AMD64Move$AMD64StackMove;2209
51;ADD_OBJ;org.graalvm.compiler.lir.amd64.AMD64Move$MoveToRegOp;47128
51;ADD_OBJ;org.graalvm.compiler.hotspot.amd64.AMD64HotSpotMove$HotSpotLoadObjectConstantOp;808
51;GET_INDEXED;org.graalvm.compiler.lir.amd64.AMD64Move$AMD64PushPopStackMove;2046
51;GET_INDEXED;org.graalvm.compiler.lir.amd64.AMD64Move$MoveFromRegOp;1490
51;GET_INDEXED;org.graalvm.compiler.hotspot.amd64.AMD64HotSpotMove$HotSpotLoadMetaspaceConstantOp;542
51;GET_INDEXED;org.graalvm.compiler.lir.amd64.AMD64Move$MoveFromConstOp;7223
51;GET_INDEXED;org.graalvm.compiler.lir.amd64.AMD64Move$AMD64StackMove;2209
51;GET_INDEXED;org.graalvm.compiler.lir.amd64.AMD64Move$MoveToRegOp;47128
51;GET_INDEXED;org.graalvm.compiler.hotspot.amd64.AMD64HotSpotMove$HotSpotLoadObjectConstantOp;798
52;ADD_OBJ;jdk.vm.ci.code.Register;14500
53;ADD_OBJ;jdk.vm.ci.code.RegisterValue;13915
53;ADD_OBJ;jdk.vm.ci.code.StackSlot;34812
54;ADD_OBJ;org.graalvm.collections.list.SpecifiedArrayList$SubList;41373
54;GET_INDEXED;org.graalvm.collections.list.SpecifiedArrayList$SubList;52183
55;ADD_OBJ;org.graalvm.compiler.code.CompilationResult$JumpTable;5
55;ADD_OBJ;org.graalvm.compiler.code.CompilationResult$CodeComment;469
55;GET_INDEXED;org.graalvm.compiler.code.CompilationResult$JumpTable;5
55;GET_INDEXED;org.graalvm.compiler.code.CompilationResult$CodeComment;469
56;ADD_OBJ;java.lang.Integer;18978
56;GET_INDEXED;java.lang.Integer;18978
57;ADD_OBJ;org.graalvm.compiler.replacements.classfile.ClassfileBytecode;699
58;ADD_OBJ;org.graalvm.compiler.java.BytecodeParser$ReturnToCallerData;10044
58;GET_INDEXED;org.graalvm.compiler.java.BytecodeParser$ReturnToCallerData;8723
59;ADD_OBJ;org.graalvm.compiler.nodes.extended.JavaWriteNode;280
59;ADD_OBJ;org.graalvm.compiler.hotspot.replacements.arraycopy.CheckcastArrayCopyCallNode;1
59;ADD_OBJ;org.graalvm.compiler.nodes.java.LogicCompareAndSwapNode;20
59;ADD_OBJ;org.graalvm.compiler.nodes.extended.ForeignCallNode;18
59;ADD_OBJ;org.graalvm.compiler.hotspot.replacements.arraycopy.ArrayCopyWithSlowPathNode;1
59;ADD_OBJ;org.graalvm.compiler.nodes.extended.RawStoreNode;1
59;ADD_OBJ;org.graalvm.compiler.hotspot.replacements.arraycopy.ArrayCopyCallNode;12
59;ADD_OBJ;org.graalvm.compiler.nodes.InvokeNode;1
59;ADD_OBJ;org.graalvm.compiler.nodes.java.StoreFieldNode;3
59;ADD_OBJ;org.graalvm.compiler.nodes.java.ValueCompareAndSwapNode;8
62;ADD_OBJ;org.graalvm.compiler.java.BciBlockMapping$BciBlock;3870
63;ADD_OBJ;org.graalvm.compiler.nodes.FrameState;7771
63;ADD_OBJ;java.lang.Double;9483
63;ADD_OBJ;org.graalvm.compiler.phases.common.FloatingReadPhase$MemoryMapImpl;6963
63;ADD_OBJ;org.graalvm.collections.list.statistics.NoObject;12
63;GET_INDEXED;org.graalvm.compiler.nodes.FrameState;6500
63;GET_INDEXED;org.graalvm.collections.list.statistics.NoObject;12
64;ADD_OBJ;org.graalvm.compiler.nodes.BeginNode;2575
64;ADD_OBJ;org.graalvm.compiler.nodes.LoopBeginNode;9198
64;ADD_OBJ;org.graalvm.compiler.nodes.StartNode;5420
64;ADD_OBJ;org.graalvm.compiler.nodes.extended.OSRStartNode;312
64;ADD_OBJ;org.graalvm.compiler.nodes.LoopExitNode;59
65;ADD_OBJ;jdk.vm.ci.hotspot.HotSpotResolvedJavaMethodImpl;1175
65;GET_INDEXED;jdk.vm.ci.hotspot.HotSpotResolvedJavaMethodImpl;4184
66;ADD_OBJ;java.lang.Double;1175
66;SET_INDEXED;java.lang.Double;319
66;GET_INDEXED;java.lang.Double;843
67;ADD_OBJ;jdk.vm.ci.meta.JavaTypeProfile$ProfiledType;898
67;GET_INDEXED;jdk.vm.ci.meta.JavaTypeProfile$ProfiledType;2163
68;ADD_OBJ;java.lang.Integer;898
68;GET_INDEXED;java.lang.Integer;3097
69;ADD_OBJ;org.graalvm.compiler.nodes.cfg.Block;279837
69;GET_INDEXED;org.graalvm.compiler.nodes.cfg.Block;154402
70;ADD_OBJ;org.graalvm.compiler.nodes.cfg.HIRLoop;7204
71;ADD_OBJ;org.graalvm.compiler.nodes.cfg.Block;72707
72;ADD_OBJ;org.graalvm.compiler.virtual.phases.ea.ReadEliminationBlockState;8242
72;ADD_OBJ;org.graalvm.collections.list.statistics.NoObject;17315
72;ADD_OBJ;org.graalvm.compiler.virtual.phases.ea.PEReadEliminationBlockState;16659
72;GET_INDEXED;org.graalvm.compiler.virtual.phases.ea.ReadEliminationBlockState;19796
72;GET_INDEXED;org.graalvm.compiler.virtual.phases.ea.PEReadEliminationBlockState;58841
73;ADD_OBJ;org.graalvm.compiler.virtual.phases.ea.ReadEliminationBlockState;1147
73;ADD_OBJ;org.graalvm.compiler.virtual.phases.ea.PEReadEliminationBlockState;2422
73;GET_INDEXED;org.graalvm.compiler.virtual.phases.ea.ReadEliminationBlockState;4554
73;GET_INDEXED;org.graalvm.compiler.virtual.phases.ea.PEReadEliminationBlockState;16100
74;ADD_OBJ;org.graalvm.compiler.nodes.memory.FloatingReadNode;2157
74;SET_INDEXED;org.graalvm.compiler.nodes.memory.FloatingReadNode;298
74;GET_INDEXED;org.graalvm.compiler.nodes.memory.FloatingReadNode;815
75;ADD_OBJ;org.graalvm.compiler.nodes.java.LogicCompareAndSwapNode;16
75;ADD_OBJ;org.graalvm.compiler.nodes.extended.ForeignCallNode;19
75;ADD_OBJ;org.graalvm.compiler.hotspot.replacements.arraycopy.ArrayCopyWithSlowPathNode;1
75;ADD_OBJ;org.graalvm.compiler.hotspot.replacements.arraycopy.ArrayCopyCallNode;5
75;ADD_OBJ;org.graalvm.compiler.nodes.InvokeNode;1
75;ADD_OBJ;org.graalvm.compiler.nodes.memory.WriteNode;135
75;ADD_OBJ;org.graalvm.compiler.nodes.java.ValueCompareAndSwapNode;8
76;ADD_OBJ;org.graalvm.compiler.nodes.DeoptimizeNode;15
76;ADD_OBJ;org.graalvm.compiler.nodes.extended.ForeignCallNode;24
76;ADD_OBJ;org.graalvm.compiler.hotspot.replacements.arraycopy.ArrayCopyWithSlowPathNode;1
76;ADD_OBJ;org.graalvm.compiler.nodes.InvokeNode;1
76;ADD_OBJ;org.graalvm.compiler.nodes.java.NewInstanceNode;1
77;ADD_OBJ;org.graalvm.compiler.nodes.PiArrayNode$Placeholder;6
77;ADD_OBJ;org.graalvm.compiler.nodes.PiNode$Placeholder;11
78;ADD_OBJ;org.graalvm.compiler.nodes.NamedLocationIdentity;120
78;ADD_OBJ;org.graalvm.word.LocationIdentity$AnyLocationIdentity;123
79;ADD_OBJ;org.graalvm.compiler.nodes.memory.MemoryMapNode;59
80;ADD_OBJ;org.graalvm.compiler.nodes.calc.FloatEqualsNode;2
80;ADD_OBJ;org.graalvm.compiler.nodes.ReturnNode;48
80;ADD_OBJ;org.graalvm.compiler.hotspot.replacements.arraycopy.ArrayCopyWithSlowPathNode;1
80;ADD_OBJ;org.graalvm.compiler.nodes.calc.NotNode;1
80;ADD_OBJ;org.graalvm.compiler.nodes.PrefetchAllocateNode;27
80;ADD_OBJ;org.graalvm.compiler.nodes.calc.AndNode;21
80;ADD_OBJ;org.graalvm.compiler.nodes.calc.XorNode;8
80;ADD_OBJ;org.graalvm.compiler.nodes.calc.LeftShiftNode;12
80;ADD_OBJ;org.graalvm.compiler.nodes.calc.FloatLessThanNode;2
80;ADD_OBJ;org.graalvm.compiler.nodes.calc.IntegerBelowNode;21
80;ADD_OBJ;org.graalvm.compiler.hotspot.nodes.CurrentLockNode;4
80;ADD_OBJ;org.graalvm.compiler.nodes.LoopBeginNode;10
80;ADD_OBJ;org.graalvm.compiler.nodes.memory.ReadNode;92
80;ADD_OBJ;org.graalvm.compiler.nodes.calc.RightShiftNode;5
80;ADD_OBJ;org.graalvm.compiler.hotspot.nodes.AcquiredCASLockNode;4
80;ADD_OBJ;org.graalvm.compiler.nodes.calc.SubNode;19
80;ADD_OBJ;org.graalvm.compiler.nodes.calc.IntegerLessThanNode;52
80;ADD_OBJ;org.graalvm.compiler.nodes.PiNode;28
80;ADD_OBJ;org.graalvm.compiler.nodes.memory.MemoryMapNode;38
80;ADD_OBJ;org.graalvm.compiler.hotspot.nodes.HotSpotCompressionNode;17
80;ADD_OBJ;org.graalvm.compiler.nodes.ParameterNode;126
80;ADD_OBJ;org.graalvm.compiler.nodes.DeoptimizeNode;15
80;ADD_OBJ;org.graalvm.compiler.nodes.calc.SignExtendNode;15
80;ADD_OBJ;org.graalvm.compiler.nodes.memory.FloatingReadNode;26
80;ADD_OBJ;org.graalvm.compiler.hotspot.nodes.BeginLockScopeNode;4
80;ADD_OBJ;org.graalvm.compiler.nodes.LoopExitNode;12
80;ADD_OBJ;org.graalvm.compiler.nodes.java.NewInstanceNode;1
80;ADD_OBJ;org.graalvm.compiler.nodes.memory.MemoryAnchorNode;31
80;ADD_OBJ;org.graalvm.compiler.nodes.extended.MembarNode;24
80;ADD_OBJ;org.graalvm.compiler.nodes.EndNode;256
80;ADD_OBJ;org.graalvm.compiler.nodes.InvokeNode;1
80;ADD_OBJ;org.graalvm.compiler.hotspot.nodes.FastAcquireBiasedLockNode;4
80;ADD_OBJ;org.graalvm.compiler.nodes.java.ValueCompareAndSwapNode;8
80;ADD_OBJ;org.graalvm.compiler.nodes.BeginNode;380
80;ADD_OBJ;org.graalvm.compiler.word.WordCastNode;29
80;ADD_OBJ;org.graalvm.compiler.nodes.memory.WriteNode;135
80;ADD_OBJ;org.graalvm.compiler.nodes.calc.ZeroExtendNode;4
80;ADD_OBJ;org.graalvm.compiler.nodes.calc.OrNode;20
80;ADD_OBJ;org.graalvm.compiler.nodes.IfNode;196
80;ADD_OBJ;org.graalvm.compiler.nodes.LoopEndNode;10
80;ADD_OBJ;org.graalvm.compiler.hotspot.nodes.HotSpotDirectCallTargetNode;1
80;ADD_OBJ;org.graalvm.compiler.nodes.extended.LoadHubNode;10
80;ADD_OBJ;org.graalvm.compiler.nodes.PiNode$Placeholder;11
80;ADD_OBJ;org.graalvm.compiler.nodes.calc.IsNullNode;28
80;ADD_OBJ;org.graalvm.compiler.nodes.MergeNode;75
80;ADD_OBJ;org.graalvm.compiler.nodes.memory.MemoryPhiNode;89
80;ADD_OBJ;org.graalvm.compiler.nodes.calc.ObjectEqualsNode;2
80;ADD_OBJ;org.graalvm.compiler.nodes.ConstantNode;391
80;ADD_OBJ;org.graalvm.compiler.nodes.extended.ForeignCallNode;34
80;ADD_OBJ;org.graalvm.compiler.nodes.java.LogicCompareAndSwapNode;16
80;ADD_OBJ;org.graalvm.compiler.nodes.memory.address.OffsetAddressNode;267
80;ADD_OBJ;org.graalvm.compiler.nodes.calc.UnsignedRightShiftNode;5
80;ADD_OBJ;org.graalvm.compiler.hotspot.replacements.arraycopy.ArrayCopyCallNode;5
80;ADD_OBJ;org.graalvm.compiler.hotspot.nodes.GetObjectAddressNode;4
80;ADD_OBJ;org.graalvm.compiler.nodes.GuardNode;17
80;ADD_OBJ;org.graalvm.compiler.nodes.calc.PointerEqualsNode;13
80;ADD_OBJ;org.graalvm.compiler.nodes.ValuePhiNode;41
80;ADD_OBJ;org.graalvm.compiler.nodes.calc.IntegerEqualsNode;70
80;ADD_OBJ;org.graalvm.compiler.nodes.calc.IntegerTestNode;25
80;ADD_OBJ;org.graalvm.compiler.hotspot.nodes.EndLockScopeNode;8
80;ADD_OBJ;org.graalvm.compiler.nodes.calc.NarrowNode;1
80;ADD_OBJ;org.graalvm.compiler.nodes.PiArrayNode$Placeholder;6
80;ADD_OBJ;org.graalvm.compiler.nodes.ShortCircuitOrNode;2
80;ADD_OBJ;org.graalvm.compiler.nodes.calc.AddNode;64
80;ADD_OBJ;org.graalvm.compiler.hotspot.word.PointerCastNode;2
80;ADD_OBJ;org.graalvm.compiler.replacements.nodes.ReadRegisterNode;32
81;ADD_OBJ;org.graalvm.compiler.nodes.java.ExceptionObjectNode;2
81;ADD_OBJ;org.graalvm.compiler.nodes.ParameterNode;14
81;ADD_OBJ;org.graalvm.compiler.nodes.java.LoadFieldNode;2
81;ADD_OBJ;org.graalvm.compiler.nodes.ConstantNode;2
81;ADD_OBJ;org.graalvm.compiler.nodes.ValueProxyNode;1
81;ADD_OBJ;org.graalvm.compiler.nodes.java.NewInstanceNode;4
81;ADD_OBJ;org.graalvm.compiler.nodes.PiNode;1
81;ADD_OBJ;org.graalvm.compiler.nodes.ValuePhiNode;41
81;GET_INDEXED;org.graalvm.compiler.nodes.java.ExceptionObjectNode;45
81;GET_INDEXED;org.graalvm.compiler.nodes.calc.AndNode;32
81;GET_INDEXED;org.graalvm.compiler.nodes.calc.XorNode;6
81;GET_INDEXED;org.graalvm.compiler.nodes.calc.LeftShiftNode;28
81;GET_INDEXED;org.graalvm.compiler.nodes.InvokeWithExceptionNode;374
81;GET_INDEXED;org.graalvm.compiler.nodes.calc.ZeroExtendNode;58
81;GET_INDEXED;org.graalvm.compiler.nodes.calc.OrNode;426
81;GET_INDEXED;org.graalvm.compiler.nodes.extended.OSRLocalNode;191
81;GET_INDEXED;org.graalvm.compiler.nodes.java.LoadFieldNode;528
81;GET_INDEXED;org.graalvm.compiler.nodes.memory.ReadNode;2164
81;GET_INDEXED;org.graalvm.collections.list.statistics.NoObject;24631
81;GET_INDEXED;org.graalvm.compiler.nodes.calc.SubNode;216
81;GET_INDEXED;org.graalvm.compiler.nodes.java.ArrayLengthNode;18
81;GET_INDEXED;org.graalvm.compiler.hotspot.nodes.HotSpotCompressionNode;675
81;GET_INDEXED;org.graalvm.compiler.nodes.PiNode;1074
81;GET_INDEXED;org.graalvm.compiler.nodes.ParameterNode;3640
81;GET_INDEXED;org.graalvm.compiler.nodes.java.LoadIndexedNode;63
81;GET_INDEXED;org.graalvm.compiler.nodes.ConstantNode;2634
81;GET_INDEXED;org.graalvm.compiler.nodes.extended.ForeignCallNode;34
81;GET_INDEXED;org.graalvm.compiler.nodes.calc.SignExtendNode;3
81;GET_INDEXED;org.graalvm.compiler.nodes.calc.UnsignedRightShiftNode;1
81;GET_INDEXED;org.graalvm.compiler.nodes.java.NewArrayNode;271
81;GET_INDEXED;org.graalvm.compiler.nodes.memory.FloatingReadNode;55
81;GET_INDEXED;org.graalvm.compiler.nodes.extended.StateSplitProxyNode;5
81;GET_INDEXED;org.graalvm.compiler.nodes.virtual.VirtualInstanceNode;280
81;GET_INDEXED;org.graalvm.compiler.nodes.java.NewInstanceNode;478
81;GET_INDEXED;org.graalvm.compiler.nodes.ValuePhiNode;4215
81;GET_INDEXED;org.graalvm.compiler.nodes.ValueProxyNode;395
81;GET_INDEXED;org.graalvm.compiler.nodes.calc.AddNode;555
81;GET_INDEXED;org.graalvm.compiler.nodes.InvokeNode;3832
82;ADD_OBJ;org.graalvm.compiler.lir.alloc.lsra.Interval;27362
82;SET_INDEXED;org.graalvm.compiler.lir.alloc.lsra.Interval;355552
82;GET_INDEXED;org.graalvm.compiler.lir.alloc.lsra.Interval;4213799
83;ADD_OBJ;org.graalvm.compiler.lir.alloc.lsra.Interval;98300
83;GET_INDEXED;org.graalvm.compiler.lir.alloc.lsra.Interval;1542
84;ADD_OBJ;org.graalvm.compiler.lir.framemap.SimpleVirtualStackSlot;25672
85;ADD_OBJ;org.graalvm.compiler.nodes.cfg.Block;17459
86;ADD_OBJ;jdk.vm.ci.hotspot.HotSpotResolvedJavaMethodImpl;23
86;GET_INDEXED;jdk.vm.ci.hotspot.HotSpotResolvedJavaMethodImpl;186
87;ADD_OBJ;java.lang.Double;23
88;ADD_OBJ;org.graalvm.compiler.nodes.EndNode;877
88;GET_INDEXED;org.graalvm.compiler.nodes.EndNode;231
89;ADD_OBJ;org.graalvm.compiler.nodes.EndNode;726
89;GET_INDEXED;org.graalvm.compiler.nodes.EndNode;223
90;ADD_OBJ;org.graalvm.compiler.nodes.LoopBeginNode;28
90;GET_INDEXED;org.graalvm.compiler.nodes.LoopBeginNode;56
91;ADD_OBJ;org.graalvm.compiler.lir.constopt.UseEntry;5601
92;ADD_OBJ;org.graalvm.compiler.lir.constopt.UseEntry;4562
93;ADD_OBJ;org.graalvm.compiler.lir.constopt.UseEntry;4470
94;ADD_OBJ;org.graalvm.compiler.nodes.ReturnNode;163
94;ADD_OBJ;org.graalvm.compiler.nodes.calc.AndNode;108
94;ADD_OBJ;org.graalvm.compiler.nodes.java.StoreFieldNode;836
94;ADD_OBJ;org.graalvm.compiler.nodes.calc.ReinterpretNode;4
94;ADD_OBJ;org.graalvm.compiler.nodes.java.UnsafeCompareAndSwapNode;2
94;ADD_OBJ;org.graalvm.compiler.nodes.java.LoadFieldNode;751
94;ADD_OBJ;org.graalvm.compiler.nodes.FrameState;20359
94;ADD_OBJ;org.graalvm.compiler.nodes.extended.IntegerSwitchNode;6
94;ADD_OBJ;org.graalvm.compiler.nodes.java.MonitorExitNode;48
94;ADD_OBJ;org.graalvm.compiler.nodes.java.StoreIndexedNode;217
94;ADD_OBJ;org.graalvm.compiler.hotspot.replacements.arraycopy.ArrayCopyNode;50
94;ADD_OBJ;org.graalvm.compiler.nodes.java.MethodCallTargetNode;11304
94;ADD_OBJ;org.graalvm.compiler.nodes.calc.SubNode;83
94;ADD_OBJ;org.graalvm.compiler.nodes.calc.IntegerLessThanNode;428
94;ADD_OBJ;org.graalvm.compiler.nodes.calc.IsNullNode;211
94;ADD_OBJ;org.graalvm.compiler.nodes.java.ArrayLengthNode;38
94;ADD_OBJ;org.graalvm.compiler.nodes.PiNode;242
94;ADD_OBJ;org.graalvm.compiler.nodes.calc.ObjectEqualsNode;159
94;ADD_OBJ;org.graalvm.compiler.nodes.java.LoadIndexedNode;233
94;ADD_OBJ;org.graalvm.compiler.nodes.calc.SignExtendNode;2
94;ADD_OBJ;org.graalvm.compiler.nodes.java.NewArrayNode;4
94;ADD_OBJ;org.graalvm.compiler.nodes.ValuePhiNode;125
94;ADD_OBJ;org.graalvm.compiler.nodes.calc.IntegerEqualsNode;752
94;ADD_OBJ;org.graalvm.compiler.nodes.calc.IntegerTestNode;5030
94;ADD_OBJ;org.graalvm.compiler.nodes.calc.NarrowNode;7
94;ADD_OBJ;org.graalvm.compiler.hotspot.replacements.IdentityHashCodeNode;3
94;ADD_OBJ;org.graalvm.compiler.nodes.java.InstanceOfNode;87
94;ADD_OBJ;org.graalvm.compiler.nodes.calc.AddNode;127
94;ADD_OBJ;org.graalvm.compiler.nodes.java.FinalFieldBarrierNode;25
94;ADD_OBJ;org.graalvm.compiler.nodes.java.MonitorEnterNode;32
95;ADD_OBJ;org.graalvm.compiler.nodes.java.TypeSwitchNode;43
95;ADD_OBJ;org.graalvm.compiler.nodes.ReturnNode;6663
95;ADD_OBJ;org.graalvm.compiler.nodes.calc.AndNode;589
95;ADD_OBJ;org.graalvm.compiler.nodes.calc.XorNode;107
95;ADD_OBJ;org.graalvm.compiler.nodes.calc.LeftShiftNode;363
95;ADD_OBJ;org.graalvm.compiler.nodes.calc.FloatLessThanNode;1
95;ADD_OBJ;org.graalvm.compiler.nodes.InvokeWithExceptionNode;349
95;ADD_OBJ;org.graalvm.compiler.nodes.calc.NegateNode;1
95;ADD_OBJ;org.graalvm.compiler.nodes.calc.IntegerBelowNode;71
95;ADD_OBJ;org.graalvm.compiler.nodes.extended.JavaReadNode;25
95;ADD_OBJ;org.graalvm.compiler.nodes.calc.SignedDivNode;1
95;ADD_OBJ;org.graalvm.compiler.nodes.java.UnsafeCompareAndSwapNode;2
95;ADD_OBJ;org.graalvm.compiler.nodes.java.LoadFieldNode;22568
95;ADD_OBJ;org.graalvm.compiler.nodes.LoopBeginNode;966
95;ADD_OBJ;org.graalvm.compiler.nodes.calc.RightShiftNode;28
95;ADD_OBJ;org.graalvm.compiler.nodes.FrameState;22180
95;ADD_OBJ;org.graalvm.compiler.nodes.extended.IntegerSwitchNode;156
95;ADD_OBJ;org.graalvm.compiler.nodes.java.StoreIndexedNode;459
95;ADD_OBJ;org.graalvm.compiler.nodes.java.MethodCallTargetNode;3048
95;ADD_OBJ;org.graalvm.compiler.nodes.calc.SubNode;1015
95;ADD_OBJ;org.graalvm.compiler.nodes.calc.IntegerLessThanNode;3199
95;ADD_OBJ;org.graalvm.compiler.nodes.PiNode;2720
95;ADD_OBJ;org.graalvm.compiler.nodes.extended.LoadMethodNode;27
95;ADD_OBJ;org.graalvm.compiler.nodes.java.LoadIndexedNode;1661
95;ADD_OBJ;org.graalvm.compiler.nodes.DeoptimizeNode;498
95;ADD_OBJ;org.graalvm.compiler.nodes.calc.SignExtendNode;30
95;ADD_OBJ;org.graalvm.compiler.nodes.extended.ValueAnchorNode;388
95;ADD_OBJ;org.graalvm.compiler.nodes.java.NewArrayNode;315
95;ADD_OBJ;org.graalvm.compiler.nodes.extended.StateSplitProxyNode;21
95;ADD_OBJ;org.graalvm.compiler.nodes.LoopExitNode;1307
95;ADD_OBJ;org.graalvm.compiler.nodes.extended.RawLoadNode;11
95;ADD_OBJ;org.graalvm.compiler.nodes.extended.GetClassNode;326
95;ADD_OBJ;org.graalvm.compiler.nodes.java.NewInstanceNode;460
95;ADD_OBJ;org.graalvm.compiler.hotspot.replacements.IdentityHashCodeNode;43
95;ADD_OBJ;org.graalvm.compiler.nodes.extended.MembarNode;6
95;ADD_OBJ;org.graalvm.compiler.nodes.KillingBeginNode;349
95;ADD_OBJ;org.graalvm.compiler.nodes.java.InstanceOfNode;1048
95;ADD_OBJ;org.graalvm.compiler.nodes.EndNode;9113
95;ADD_OBJ;org.graalvm.compiler.replacements.nodes.ArrayEqualsNode;116
95;ADD_OBJ;org.graalvm.compiler.nodes.calc.SignedRemNode;30
95;ADD_OBJ;org.graalvm.compiler.nodes.calc.MulNode;10
95;ADD_OBJ;org.graalvm.compiler.nodes.InvokeNode;2659
95;ADD_OBJ;org.graalvm.compiler.hotspot.replacements.KlassLayoutHelperNode;5
95;ADD_OBJ;org.graalvm.compiler.nodes.BeginNode;17345
95;ADD_OBJ;org.graalvm.compiler.nodes.java.ExceptionObjectNode;349
95;ADD_OBJ;org.graalvm.compiler.nodes.java.StoreFieldNode;8848
95;ADD_OBJ;org.graalvm.compiler.nodes.calc.ReinterpretNode;32
95;ADD_OBJ;org.graalvm.compiler.nodes.calc.ZeroExtendNode;13
95;ADD_OBJ;org.graalvm.compiler.nodes.calc.OrNode;224
95;ADD_OBJ;org.graalvm.compiler.hotspot.replacements.ClassGetHubNode;7
95;ADD_OBJ;org.graalvm.compiler.nodes.IfNode;8907
95;ADD_OBJ;org.graalvm.compiler.nodes.calc.FloatConvertNode;14
95;ADD_OBJ;org.graalvm.compiler.nodes.LoopEndNode;1032
95;ADD_OBJ;org.graalvm.compiler.hotspot.nodes.DeoptimizeCallerNode;5
95;ADD_OBJ;org.graalvm.compiler.nodes.java.MonitorExitNode;76
95;ADD_OBJ;org.graalvm.compiler.hotspot.replacements.arraycopy.ArrayCopyNode;283
95;ADD_OBJ;org.graalvm.compiler.nodes.extended.LoadHubNode;210
95;ADD_OBJ;org.graalvm.compiler.nodes.extended.BytecodeExceptionNode;5
95;ADD_OBJ;org.graalvm.compiler.nodes.calc.IsNullNode;3677
95;ADD_OBJ;org.graalvm.compiler.nodes.java.ArrayLengthNode;2304
95;ADD_OBJ;org.graalvm.compiler.nodes.MergeNode;3168
95;ADD_OBJ;org.graalvm.compiler.nodes.extended.JavaWriteNode;14
95;ADD_OBJ;org.graalvm.compiler.nodes.calc.ObjectEqualsNode;1807
95;ADD_OBJ;org.graalvm.compiler.nodes.ConstantNode;10034
95;ADD_OBJ;org.graalvm.compiler.nodes.java.AtomicReadAndAddNode;8
95;ADD_OBJ;org.graalvm.compiler.nodes.memory.address.OffsetAddressNode;33
95;ADD_OBJ;org.graalvm.compiler.nodes.calc.UnsignedRightShiftNode;396
95;ADD_OBJ;org.graalvm.compiler.nodes.calc.ConditionalNode;205
95;ADD_OBJ;org.graalvm.compiler.nodes.calc.PointerEqualsNode;161
95;ADD_OBJ;org.graalvm.compiler.nodes.extended.BoxNode;60
95;ADD_OBJ;org.graalvm.compiler.nodes.ValuePhiNode;2693
95;ADD_OBJ;org.graalvm.compiler.nodes.FixedGuardNode;6392
95;ADD_OBJ;org.graalvm.compiler.nodes.calc.IntegerEqualsNode;4890
95;ADD_OBJ;org.graalvm.compiler.nodes.java.MonitorIdNode;67
95;ADD_OBJ;org.graalvm.compiler.nodes.calc.IntegerTestNode;89
95;ADD_OBJ;org.graalvm.compiler.nodes.calc.NarrowNode;27
95;ADD_OBJ;org.graalvm.compiler.nodes.UnwindNode;493
95;ADD_OBJ;org.graalvm.compiler.nodes.ValueProxyNode;858
95;ADD_OBJ;org.graalvm.compiler.nodes.ShortCircuitOrNode;2
95;ADD_OBJ;org.graalvm.compiler.nodes.calc.AddNode;3761
95;ADD_OBJ;org.graalvm.compiler.nodes.java.FinalFieldBarrierNode;544
95;ADD_OBJ;org.graalvm.compiler.nodes.java.DynamicNewArrayNode;9
95;ADD_OBJ;org.graalvm.compiler.nodes.java.MonitorEnterNode;67
96;ADD_OBJ;org.graalvm.compiler.nodes.ReturnNode;6663
96;SET_INDEXED;org.graalvm.compiler.nodes.ReturnNode;6663
96;GET_INDEXED;org.graalvm.compiler.nodes.ReturnNode;8839
98;ADD_OBJ;org.graalvm.compiler.nodes.virtual.AllocatedObjectNode;1163
99;ADD_OBJ;org.graalvm.collections.list.statistics.NoObject;6148
99;SET_INDEXED;org.graalvm.compiler.nodes.ParameterNode;131
99;SET_INDEXED;org.graalvm.compiler.nodes.java.LoadIndexedNode;64
99;SET_INDEXED;org.graalvm.compiler.nodes.virtual.AllocatedObjectNode;31
99;SET_INDEXED;org.graalvm.compiler.nodes.java.LoadFieldNode;296
99;SET_INDEXED;org.graalvm.compiler.nodes.ConstantNode;4978
99;SET_INDEXED;org.graalvm.compiler.nodes.java.NewArrayNode;93
99;SET_INDEXED;org.graalvm.compiler.nodes.ValueProxyNode;21
99;SET_INDEXED;org.graalvm.compiler.nodes.calc.AddNode;80
99;SET_INDEXED;org.graalvm.compiler.nodes.InvokeNode;21
99;SET_INDEXED;org.graalvm.compiler.nodes.java.ArrayLengthNode;12
99;SET_INDEXED;org.graalvm.compiler.nodes.PiNode;85
99;SET_INDEXED;org.graalvm.compiler.nodes.ValuePhiNode;336
100;ADD_OBJ;org.graalvm.collections.list.statistics.StatisticalSpecifiedArrayListImpl;8
100;ADD_OBJ;java.util.Collections$EmptyList;1155
101;ADD_OBJ;org.graalvm.compiler.nodes.extended.BoxNode;64
102;ADD_OBJ;java.lang.Boolean;1163
103;ADD_OBJ;java.lang.Integer;813
103;GET_INDEXED;java.lang.Integer;2016
104;GET_INDEXED;java.lang.Boolean;1450
105;ADD_OBJ;org.graalvm.compiler.nodes.java.NewArrayNode;3
105;ADD_OBJ;org.graalvm.compiler.nodes.java.NewInstanceNode;439
106;ADD_OBJ;org.graalvm.compiler.replacements.GraphKit$1;5
108;ADD_OBJ;org.graalvm.compiler.nodes.memory.FloatingReadNode;1824
108;SET_INDEXED;org.graalvm.compiler.nodes.memory.FloatingReadNode;1135
108;GET_INDEXED;org.graalvm.compiler.nodes.memory.FloatingReadNode;2839
110;ADD_OBJ;org.graalvm.collections.list.statistics.NoObject;22
110;ADD_OBJ;org.graalvm.compiler.nodes.PiNode;254
111;ADD_OBJ;org.graalvm.compiler.nodes.NamedLocationIdentity;2222
111;ADD_OBJ;org.graalvm.compiler.nodes.FieldLocationIdentity;2159
111;GET_INDEXED;org.graalvm.compiler.nodes.NamedLocationIdentity;4681
111;GET_INDEXED;org.graalvm.compiler.nodes.FieldLocationIdentity;4880
112;ADD_OBJ;org.graalvm.compiler.virtual.phases.ea.PEReadEliminationBlockState;95
112;GET_INDEXED;org.graalvm.compiler.virtual.phases.ea.PEReadEliminationBlockState;195
113;ADD_OBJ;org.graalvm.compiler.java.BciBlockMapping$BciBlock;10843
113;ADD_OBJ;org.graalvm.collections.list.statistics.NoObject;884
113;GET_INDEXED;org.graalvm.compiler.java.BciBlockMapping$BciBlock;10843
113;GET_INDEXED;org.graalvm.collections.list.statistics.NoObject;884
114;ADD_OBJ;org.graalvm.compiler.nodes.extended.IntegerSwitchNode$KeyData;35340
114;GET_INDEXED;org.graalvm.compiler.nodes.extended.IntegerSwitchNode$KeyData;9327
115;ADD_OBJ;org.graalvm.compiler.nodes.BeginNode;25952
116;ADD_OBJ;org.graalvm.compiler.nodes.IfNode;44
116;GET_INDEXED;org.graalvm.compiler.nodes.IfNode;26
117;ADD_OBJ;org.graalvm.compiler.lir.asm.CompilationResultBuilder$ExceptionInfo;133
118;ADD_OBJ;jdk.vm.ci.meta.JavaTypeProfile$ProfiledType;310
119;ADD_OBJ;org.graalvm.compiler.nodes.java.TypeSwitchNode;11
119;GET_INDEXED;org.graalvm.compiler.nodes.java.TypeSwitchNode;7
120;ADD_OBJ;org.graalvm.compiler.nodes.virtual.VirtualInstanceNode;3
122;ADD_OBJ;java.lang.Integer;6
122;GET_INDEXED;java.lang.Integer;6
123;ADD_OBJ;java.lang.Boolean;3
123;GET_INDEXED;java.lang.Boolean;4
125;ADD_OBJ;jdk.vm.ci.code.StackSlot;38
126;ADD_OBJ;jdk.vm.ci.code.StackSlot;38
127;ADD_OBJ;org.graalvm.compiler.virtual.phases.ea.PEReadEliminationBlockState;5
127;GET_INDEXED;org.graalvm.compiler.virtual.phases.ea.PEReadEliminationBlockState;5
128;ADD_OBJ;org.graalvm.compiler.nodes.java.MonitorIdNode;8
129;ADD_OBJ;org.graalvm.compiler.nodes.java.MonitorEnterNode;4
130;ADD_OBJ;org.graalvm.compiler.nodes.ValuePhiNode;2
130;GET_INDEXED;org.graalvm.compiler.nodes.ParameterNode;2
130;GET_INDEXED;org.graalvm.collections.list.statistics.NoObject;4
130;GET_INDEXED;org.graalvm.compiler.nodes.InvokeNode;2
130;GET_INDEXED;org.graalvm.compiler.nodes.ValuePhiNode;2
